semsp_id,ufn,species,status,weight,fork_length,so_taken,pi_taken,cu_taken,survey_date,site_id,region,sampling_week,current_location,storage_unit,storage_tier_ 1,lat,lon
2015-05-16-D07-CU-1,U2912,CU,dissected,7.1,90,30,1,10,2015-05-16,D07,DI,19-May,Quadra Prep Lab,Freezer Room Top Shelf,Stomach Group Box 12,50.16412,-125.1602
2015-05-16-D07-CU-10,NA,CU,not dissected,NA,NA,30,1,10,2015-05-16,D07,DI,19-May,NA,NA,NA,50.16412,-125.1602
2015-05-16-D07-CU-2,U2828,CU,dissected,17.9,122,30,1,10,2015-05-16,D07,DI,19-May,Quadra Prep Lab,Freezer Room Top Shelf,Stomach Group Box 12,50.16412,-125.1602
2015-05-16-D07-CU-3,NA,CU,not dissected,NA,NA,30,1,10,2015-05-16,D07,DI,19-May,NA,NA,NA,50.16412,-125.1602
2015-05-16-D07-CU-4,U2827,CU,dissected,14.6,114,30,1,10,2015-05-16,D07,DI,19-May,Quadra Prep Lab,Freezer Room Top Shelf,Stomach Group Box 12,50.16412,-125.1602
2015-05-16-D07-CU-5,U2830,CU,dissected,10.7,101,30,1,10,2015-05-16,D07,DI,19-May,Quadra Prep Lab,Freezer Room Top Shelf,Stomach Group Box 12,50.16412,-125.1602
2015-05-16-D07-CU-6,NA,CU,not dissected,NA,NA,30,1,10,2015-05-16,D07,DI,19-May,NA,NA,NA,50.16412,-125.1602
2015-05-16-D07-CU-7,NA,CU,not dissected,NA,NA,30,1,10,2015-05-16,D07,DI,19-May,NA,NA,NA,50.16412,-125.1602
2015-05-16-D07-CU-8,U2635,CU,dissected,14.9,NA,30,1,10,2015-05-16,D07,DI,19-May,Quadra Prep Lab,Freezer Room Top Shelf,Stomach Group Box 12,50.16412,-125.1602
2015-05-16-D07-CU-9,NA,CU,not dissected,NA,NA,30,1,10,2015-05-16,D07,DI,19-May,NA,NA,NA,50.16412,-125.1602
2015-05-16-D07-PI-1,U1396,PI,dissected,7.4,86,30,1,10,2015-05-16,D07,DI,19-May,UBC,NA,Stomach Group Box 3,50.16412,-125.1602
2015-05-21-D07-CU-1,U2626,CU,dissected,9.6,96,30,8,10,2015-05-21,D07,DI,19-May,Quadra Prep Lab,Freezer Room Top Shelf,Stomach Group Box 12,50.18217,-125.1493
2015-05-21-D07-CU-10,U4173,CU,dissected,NA,NA,30,8,10,2015-05-21,D07,DI,19-May,NA,NA,NA,50.18217,-125.1493
2015-05-21-D07-CU-2,NA,CU,not dissected,NA,NA,30,8,10,2015-05-21,D07,DI,19-May,NA,NA,NA,50.18217,-125.1493
2015-05-21-D07-CU-3,U2634,CU,dissected,7.5,90,30,8,10,2015-05-21,D07,DI,19-May,Quadra Prep Lab,Freezer Room Top Shelf,Stomach Group Box 12,50.18217,-125.1493
2015-05-21-D07-CU-4,U2627,CU,dissected,18.4,NA,30,8,10,2015-05-21,D07,DI,19-May,Quadra Prep Lab,Freezer Room Top Shelf,Stomach Group Box 12,50.18217,-125.1493
2015-05-21-D07-CU-5,NA,CU,not dissected,NA,NA,30,8,10,2015-05-21,D07,DI,19-May,NA,NA,NA,50.18217,-125.1493
2015-05-21-D07-CU-6,U4980,CU,dissected,NA,NA,30,8,10,2015-05-21,D07,DI,19-May,NA,NA,NA,50.18217,-125.1493
2015-05-21-D07-CU-7,U2831,CU,dissected,5.1,84,30,8,10,2015-05-21,D07,DI,19-May,Quadra Prep Lab,Freezer Room Top Shelf,Stomach Group Box 12,50.18217,-125.1493
2015-05-21-D07-CU-8,U4979,CU,dissected,NA,NA,30,8,10,2015-05-21,D07,DI,19-May,NA,NA,NA,50.18217,-125.1493
2015-05-21-D07-CU-9,U3007,CU,dissected,9.7,NA,30,8,10,2015-05-21,D07,DI,19-May,Quadra Prep Lab,Freezer Room Top Shelf,Stomach Group Box 11,50.18217,-125.1493
2015-05-21-D07-PI-1,U1392,PI,dissected,6.5,90,30,8,10,2015-05-21,D07,DI,19-May,UBC,NA,Stomach Group Box 3,50.18217,-125.1493
2015-05-21-D07-PI-2,U1386,PI,dissected,7,88,30,8,10,2015-05-21,D07,DI,19-May,UBC,NA,Stomach Group Box 3,50.18217,-125.1493
2015-05-21-D07-PI-3,U1394,PI,dissected,5.1,80,30,8,10,2015-05-21,D07,DI,19-May,UBC,NA,Stomach Group Box 3,50.18217,-125.1493
2015-05-21-D07-PI-4,U2859,PI,dissected,6.8,87,30,8,10,2015-05-21,D07,DI,19-May,Quadra Prep Lab,Freezer Room Top Shelf,Stomach Group Box 12,50.18217,-125.1493
2015-05-21-D07-PI-5,U1190,PI,dissected,5.7,83,30,8,10,2015-05-21,D07,DI,19-May,UBC,NA,Stomach Group Box 7,50.18217,-125.1493
2015-05-21-D07-PI-6,U1395,PI,dissected,4.7,NA,30,8,10,2015-05-21,D07,DI,19-May,UBC,NA,Stomach Group Box 3,50.18217,-125.1493
2015-05-21-D07-PI-7,U2528,PI,dissected,7.1,NA,30,8,10,2015-05-21,D07,DI,19-May,Quadra Prep Lab,Freezer Room Top Shelf,Stomach Group Box 11,50.18217,-125.1493
2015-05-21-D07-PI-8,NA,PI,not dissected,NA,NA,30,8,10,2015-05-21,D07,DI,19-May,NA,NA,NA,50.18217,-125.1493
2015-06-02-J07-CU-1,NA,CU,not dissected,NA,NA,30,2,10,2015-06-02,J07,JS,02-Jun,NA,NA,NA,50.45649,-126.16619
2015-06-02-J07-CU-10,NA,CU,not dissected,NA,NA,30,2,10,2015-06-02,J07,JS,02-Jun,NA,NA,NA,50.45649,-126.16619
2015-06-02-J07-CU-2,NA,CU,not dissected,NA,NA,30,2,10,2015-06-02,J07,JS,02-Jun,NA,NA,NA,50.45649,-126.16619
2015-06-02-J07-CU-3,NA,CU,not dissected,NA,NA,30,2,10,2015-06-02,J07,JS,02-Jun,NA,NA,NA,50.45649,-126.16619
2015-06-02-J07-CU-4,NA,CU,not dissected,NA,NA,30,2,10,2015-06-02,J07,JS,02-Jun,NA,NA,NA,50.45649,-126.16619
2015-06-02-J07-CU-5,NA,CU,not dissected,NA,NA,30,2,10,2015-06-02,J07,JS,02-Jun,NA,NA,NA,50.45649,-126.16619
2015-06-02-J07-CU-6,NA,CU,not dissected,NA,NA,30,2,10,2015-06-02,J07,JS,02-Jun,NA,NA,NA,50.45649,-126.16619
2015-06-02-J07-CU-7,NA,CU,not dissected,NA,NA,30,2,10,2015-06-02,J07,JS,02-Jun,NA,NA,NA,50.45649,-126.16619
2015-06-02-J07-CU-8,NA,CU,not dissected,NA,NA,30,2,10,2015-06-02,J07,JS,02-Jun,NA,NA,NA,50.45649,-126.16619
2015-06-02-J07-CU-9,NA,CU,not dissected,NA,NA,30,2,10,2015-06-02,J07,JS,02-Jun,NA,NA,NA,50.45649,-126.16619
2015-06-02-J07-PI-1,NA,PI,not dissected,NA,NA,30,2,10,2015-06-02,J07,JS,02-Jun,NA,NA,NA,50.45649,-126.16619
2015-06-02-J07-PI-2,NA,PI,not dissected,NA,NA,30,2,10,2015-06-02,J07,JS,02-Jun,NA,NA,NA,50.45649,-126.16619
2015-06-05-D07-CU-1,U2629,CU,dissected,8.2,NA,13,0,10,2015-06-05,D07,DI,02-Jun,Quadra Prep Lab,Freezer Room Top Shelf,Stomach Group Box 12,50.19112,-125.14202
2015-06-05-D07-CU-10,U2625,CU,dissected,9.6,94,13,0,10,2015-06-05,D07,DI,02-Jun,Quadra Prep Lab,Freezer Room Top Shelf,Stomach Group Box 12,50.19112,-125.14202
2015-06-05-D07-CU-2,U4155,CU,dissected,NA,NA,13,0,10,2015-06-05,D07,DI,02-Jun,NA,NA,NA,50.19112,-125.14202
2015-06-05-D07-CU-3,U4170,CU,dissected,NA,NA,13,0,10,2015-06-05,D07,DI,02-Jun,NA,NA,NA,50.19112,-125.14202
2015-06-05-D07-CU-4,U4960,CU,dissected,NA,NA,13,0,10,2015-06-05,D07,DI,02-Jun,NA,NA,NA,50.19112,-125.14202
2015-06-05-D07-CU-5,U2628,CU,dissected,8,86,13,0,10,2015-06-05,D07,DI,02-Jun,Quadra Prep Lab,Freezer Room Top Shelf,Stomach Group Box 12,50.19112,-125.14202
2015-06-05-D07-CU-6,U2824,CU,dissected,8,94,13,0,10,2015-06-05,D07,DI,02-Jun,Quadra Prep Lab,Freezer Room Top Shelf,Stomach Group Box 8,50.19112,-125.14202
2015-06-05-D07-CU-7,U4965,CU,dissected,NA,NA,13,0,10,2015-06-05,D07,DI,02-Jun,NA,NA,NA,50.19112,-125.14202
2015-06-05-D07-CU-8,NA,CU,not dissected,NA,NA,13,0,10,2015-06-05,D07,DI,02-Jun,NA,NA,NA,50.19112,-125.14202
2015-06-05-D07-CU-9,U2633,CU,dissected,6.6,NA,13,0,10,2015-06-05,D07,DI,02-Jun,Quadra Prep Lab,Freezer Room Top Shelf,Stomach Group Box 12,50.19112,-125.14202
2015-06-06-J07-CU-1,NA,CU,not dissected,NA,NA,30,3,10,2015-06-06,J07,JS,09-Jun,NA,NA,NA,50.45987,-126.16961
2015-06-06-J07-CU-10,NA,CU,not dissected,NA,NA,30,3,10,2015-06-06,J07,JS,09-Jun,NA,NA,NA,50.45987,-126.16961
2015-06-06-J07-CU-2,NA,CU,not dissected,NA,NA,30,3,10,2015-06-06,J07,JS,09-Jun,NA,NA,NA,50.45987,-126.16961
2015-06-06-J07-CU-3,NA,CU,not dissected,NA,NA,30,3,10,2015-06-06,J07,JS,09-Jun,NA,NA,NA,50.45987,-126.16961
2015-06-06-J07-CU-4,NA,CU,not dissected,NA,NA,30,3,10,2015-06-06,J07,JS,09-Jun,NA,NA,NA,50.45987,-126.16961
2015-06-06-J07-CU-5,NA,CU,not dissected,NA,NA,30,3,10,2015-06-06,J07,JS,09-Jun,NA,NA,NA,50.45987,-126.16961
2015-06-06-J07-CU-6,NA,CU,not dissected,NA,NA,30,3,10,2015-06-06,J07,JS,09-Jun,NA,NA,NA,50.45987,-126.16961
2015-06-06-J07-CU-7,NA,CU,not dissected,NA,NA,30,3,10,2015-06-06,J07,JS,09-Jun,NA,NA,NA,50.45987,-126.16961
2015-06-06-J07-CU-8,NA,CU,not dissected,NA,NA,30,3,10,2015-06-06,J07,JS,09-Jun,NA,NA,NA,50.45987,-126.16961
2015-06-06-J07-CU-9,NA,CU,not dissected,NA,NA,30,3,10,2015-06-06,J07,JS,09-Jun,NA,NA,NA,50.45987,-126.16961
2015-06-06-J07-PI-1,NA,PI,not dissected,NA,NA,30,3,10,2015-06-06,J07,JS,09-Jun,NA,NA,NA,50.45987,-126.16961
2015-06-06-J07-PI-2,NA,PI,not dissected,NA,NA,30,3,10,2015-06-06,J07,JS,09-Jun,NA,NA,NA,50.45987,-126.16961
2015-06-06-J07-PI-3,NA,PI,not dissected,NA,NA,30,3,10,2015-06-06,J07,JS,09-Jun,NA,NA,NA,50.45987,-126.16961
2015-06-07-D07-PI-1,U2861,PI,dissected,9,NA,30,6,10,2015-06-07,D07,DI,09-Jun,Quadra Prep Lab,Freezer Room Top Shelf,Stomach Group Box 11,50.1915,-125.14292
2015-06-07-D07-PI-2,U2863,PI,dissected,8.9,NA,30,6,10,2015-06-07,D07,DI,09-Jun,Quadra Prep Lab,Freezer Room Top Shelf,Stomach Group Box 11,50.1915,-125.14292
2015-06-07-D07-PI-3,U2525,PI,dissected,10.2,100,30,6,10,2015-06-07,D07,DI,09-Jun,Quadra Prep Lab,Freezer Room Top Shelf,Stomach Group Box 12,50.1915,-125.14292
2015-06-07-D07-PI-4,U2530,PI,dissected,9.7,98,30,6,10,2015-06-07,D07,DI,09-Jun,Quadra Prep Lab,Freezer Room Top Shelf,Stomach Group Box 11,50.1915,-125.14292
2015-06-07-D07-PI-5,U2862,PI,dissected,10.5,103,30,6,10,2015-06-07,D07,DI,09-Jun,Quadra Prep Lab,Freezer Room Top Shelf,Stomach Group Box 11,50.1915,-125.14292
2015-06-07-D07-PI-6,U2513,PI,dissected,9.1,92,30,6,10,2015-06-07,D07,DI,09-Jun,Quadra Prep Lab,Freezer Room Top Shelf,Stomach Group Box 8,50.1915,-125.14292
2015-06-09-D07-CU-1,NA,CU,not dissected,NA,NA,30,2,10,2015-06-09,D07,DI,09-Jun,NA,NA,NA,50.19077,-125.14249
2015-06-09-D07-CU-10,NA,CU,not dissected,NA,NA,30,2,10,2015-06-09,D07,DI,09-Jun,NA,NA,NA,50.19077,-125.14249
2015-06-09-D07-CU-2,U3025,CU,dissected,15.1,111,30,2,10,2015-06-09,D07,DI,09-Jun,Quadra Prep Lab,Freezer Room Top Shelf,Stomach Group Box 12,50.19077,-125.14249
2015-06-09-D07-CU-3,NA,CU,not dissected,NA,NA,30,2,10,2015-06-09,D07,DI,09-Jun,NA,NA,NA,50.19077,-125.14249
2015-06-09-D07-CU-4,U2931,CU,dissected,11.1,105,30,2,10,2015-06-09,D07,DI,09-Jun,Quadra Prep Lab,Freezer Room Top Shelf,Stomach Group Box 12,50.19077,-125.14249
2015-06-09-D07-CU-5,U3020,CU,dissected,13.9,112,30,2,10,2015-06-09,D07,DI,09-Jun,Quadra Prep Lab,Freezer Room Top Shelf,Stomach Group Box 12,50.19077,-125.14249
2015-06-09-D07-CU-6,NA,CU,not dissected,NA,NA,30,2,10,2015-06-09,D07,DI,09-Jun,NA,NA,NA,50.19077,-125.14249
2015-06-09-D07-CU-7,NA,CU,not dissected,NA,NA,30,2,10,2015-06-09,D07,DI,09-Jun,NA,NA,NA,50.19077,-125.14249
2015-06-09-D07-CU-8,U3024,CU,dissected,9.9,99,30,2,10,2015-06-09,D07,DI,09-Jun,Quadra Prep Lab,Freezer Room Top Shelf,Stomach Group Box 12,50.19077,-125.14249
2015-06-09-D07-CU-9,U3022,CU,dissected,19.6,121,30,2,10,2015-06-09,D07,DI,09-Jun,Quadra Prep Lab,Freezer Room Top Shelf,Stomach Group Box 12,50.19077,-125.14249
2015-06-09-D07-PI-1,U2517,PI,dissected,10.6,NA,30,2,10,2015-06-09,D07,DI,09-Jun,Quadra Prep Lab,Freezer Room Top Shelf,Stomach Group Box 8,50.19077,-125.14249
2015-06-09-D07-PI-2,U2839,PI,dissected,10,95,30,2,10,2015-06-09,D07,DI,09-Jun,Quadra Prep Lab,Freezer Room Top Shelf,Stomach Group Box 8,50.19077,-125.14249
2015-06-11-D07-PI-1,U3226,PI,dissected,12.7,105,1,3,10,2015-06-11,D07,DI,09-Jun,Quadra Prep Lab,Freezer Room Top Shelf,Stomach Group Box 11,50.19017,-125.14437
2015-06-11-D07-PI-2,U3227,PI,dissected,10.9,NA,1,3,10,2015-06-11,D07,DI,09-Jun,Quadra Prep Lab,Freezer Room Top Shelf,Stomach Group Box 11,50.19017,-125.14437
2015-06-11-D07-PI-3,U3231,PI,dissected,13.8,109,1,3,10,2015-06-11,D07,DI,09-Jun,Quadra Prep Lab,Freezer Room Top Shelf,Stomach Group Box 11,50.19017,-125.14437
2015-06-13-D07-CU-1,U4097,CU,dissected,NA,NA,22,3,10,2015-06-13,D07,DI,16-Jun,NA,NA,NA,50.19051,-125.1444
2015-06-13-D07-CU-10,U2928,CU,dissected,13.4,111,22,3,10,2015-06-13,D07,DI,16-Jun,Quadra Prep Lab,Freezer Room Top Shelf,Stomach Group Box 12,50.19051,-125.1444
2015-06-13-D07-CU-2,U4096,CU,dissected,NA,NA,22,3,10,2015-06-13,D07,DI,16-Jun,NA,NA,NA,50.19051,-125.1444
2015-06-13-D07-CU-3,U2927,CU,dissected,13.5,111,22,3,10,2015-06-13,D07,DI,16-Jun,Quadra Prep Lab,Freezer Room Top Shelf,Stomach Group Box 12,50.19051,-125.1444
2015-06-13-D07-CU-4,U3023,CU,dissected,10.6,100,22,3,10,2015-06-13,D07,DI,16-Jun,Quadra Prep Lab,Freezer Room Top Shelf,Stomach Group Box 12,50.19051,-125.1444
2015-06-13-D07-CU-5,U3021,CU,dissected,9.6,100,22,3,10,2015-06-13,D07,DI,16-Jun,Quadra Prep Lab,Freezer Room Top Shelf,Stomach Group Box 12,50.19051,-125.1444
2015-06-13-D07-CU-6,U4065,CU,dissected,NA,NA,22,3,10,2015-06-13,D07,DI,16-Jun,NA,NA,NA,50.19051,-125.1444
2015-06-13-D07-CU-7,U4098,CU,dissected,NA,NA,22,3,10,2015-06-13,D07,DI,16-Jun,NA,NA,NA,50.19051,-125.1444
2015-06-13-D07-CU-8,U4149,CU,dissected,NA,NA,22,3,10,2015-06-13,D07,DI,16-Jun,NA,NA,NA,50.19051,-125.1444
2015-06-13-D07-CU-9,U3017,CU,dissected,14.4,114,22,3,10,2015-06-13,D07,DI,16-Jun,Quadra Prep Lab,Freezer Room Top Shelf,Stomach Group Box 12,50.19051,-125.1444
2015-06-13-D07-PI-1,U2526,PI,dissected,12.3,106,22,3,10,2015-06-13,D07,DI,16-Jun,Quadra Prep Lab,Freezer Room Top Shelf,Stomach Group Box 12,50.19051,-125.1444
2015-06-13-D07-PI-2,U2860,PI,dissected,9.7,103,22,3,10,2015-06-13,D07,DI,16-Jun,Quadra Prep Lab,Freezer Room Top Shelf,Stomach Group Box 12,50.19051,-125.1444
2015-06-13-D07-PI-3,U2529,PI,dissected,11.1,NA,22,3,10,2015-06-13,D07,DI,16-Jun,Quadra Prep Lab,Freezer Room Top Shelf,Stomach Group Box 11,50.19051,-125.1444
2015-06-14-J07-CU-1,NA,CU,not dissected,NA,NA,30,7,10,2015-06-14,J07,JS,16-Jun,NA,NA,NA,50.45698,-126.16944
2015-06-14-J07-CU-10,NA,CU,not dissected,NA,NA,30,7,10,2015-06-14,J07,JS,16-Jun,NA,NA,NA,50.45698,-126.16944
2015-06-14-J07-CU-2,NA,CU,not dissected,NA,NA,30,7,10,2015-06-14,J07,JS,16-Jun,NA,NA,NA,50.45698,-126.16944
2015-06-14-J07-CU-3,NA,CU,not dissected,NA,NA,30,7,10,2015-06-14,J07,JS,16-Jun,NA,NA,NA,50.45698,-126.16944
2015-06-14-J07-CU-4,NA,CU,not dissected,NA,NA,30,7,10,2015-06-14,J07,JS,16-Jun,NA,NA,NA,50.45698,-126.16944
2015-06-14-J07-CU-5,NA,CU,not dissected,NA,NA,30,7,10,2015-06-14,J07,JS,16-Jun,NA,NA,NA,50.45698,-126.16944
2015-06-14-J07-CU-6,NA,CU,not dissected,NA,NA,30,7,10,2015-06-14,J07,JS,16-Jun,NA,NA,NA,50.45698,-126.16944
2015-06-14-J07-CU-7,NA,CU,not dissected,NA,NA,30,7,10,2015-06-14,J07,JS,16-Jun,NA,NA,NA,50.45698,-126.16944
2015-06-14-J07-CU-8,NA,CU,not dissected,NA,NA,30,7,10,2015-06-14,J07,JS,16-Jun,NA,NA,NA,50.45698,-126.16944
2015-06-14-J07-CU-9,NA,CU,not dissected,NA,NA,30,7,10,2015-06-14,J07,JS,16-Jun,NA,NA,NA,50.45698,-126.16944
2015-06-14-J07-PI-1,NA,PI,not dissected,NA,NA,30,7,10,2015-06-14,J07,JS,16-Jun,NA,NA,NA,50.45698,-126.16944
2015-06-14-J07-PI-2,NA,PI,not dissected,NA,NA,30,7,10,2015-06-14,J07,JS,16-Jun,NA,NA,NA,50.45698,-126.16944
2015-06-14-J07-PI-3,NA,PI,not dissected,NA,NA,30,7,10,2015-06-14,J07,JS,16-Jun,NA,NA,NA,50.45698,-126.16944
2015-06-14-J07-PI-4,NA,PI,not dissected,NA,NA,30,7,10,2015-06-14,J07,JS,16-Jun,NA,NA,NA,50.45698,-126.16944
2015-06-14-J07-PI-5,NA,PI,not dissected,NA,NA,30,7,10,2015-06-14,J07,JS,16-Jun,NA,NA,NA,50.45698,-126.16944
2015-06-14-J07-PI-6,NA,PI,not dissected,NA,NA,30,7,10,2015-06-14,J07,JS,16-Jun,NA,NA,NA,50.45698,-126.16944
2015-06-14-J07-PI-7,NA,PI,not dissected,NA,NA,30,7,10,2015-06-14,J07,JS,16-Jun,NA,NA,NA,50.45698,-126.16944
2015-06-20-J07-CU-1,NA,CU,not dissected,NA,NA,24,10,10,2015-06-20,J07,JS,23-Jun,NA,NA,NA,50.45804,-126.16997
2015-06-20-J07-CU-10,NA,CU,not dissected,NA,NA,24,10,10,2015-06-20,J07,JS,23-Jun,NA,NA,NA,50.45804,-126.16997
2015-06-20-J07-CU-2,NA,CU,not dissected,NA,NA,24,10,10,2015-06-20,J07,JS,23-Jun,NA,NA,NA,50.45804,-126.16997
2015-06-20-J07-CU-3,NA,CU,not dissected,NA,NA,24,10,10,2015-06-20,J07,JS,23-Jun,NA,NA,NA,50.45804,-126.16997
2015-06-20-J07-CU-4,NA,CU,not dissected,NA,NA,24,10,10,2015-06-20,J07,JS,23-Jun,NA,NA,NA,50.45804,-126.16997
2015-06-20-J07-CU-5,NA,CU,not dissected,NA,NA,24,10,10,2015-06-20,J07,JS,23-Jun,NA,NA,NA,50.45804,-126.16997
2015-06-20-J07-CU-6,NA,CU,not dissected,NA,NA,24,10,10,2015-06-20,J07,JS,23-Jun,NA,NA,NA,50.45804,-126.16997
2015-06-20-J07-CU-7,NA,CU,not dissected,NA,NA,24,10,10,2015-06-20,J07,JS,23-Jun,NA,NA,NA,50.45804,-126.16997
2015-06-20-J07-CU-8,NA,CU,not dissected,NA,NA,24,10,10,2015-06-20,J07,JS,23-Jun,NA,NA,NA,50.45804,-126.16997
2015-06-20-J07-CU-9,NA,CU,not dissected,NA,NA,24,10,10,2015-06-20,J07,JS,23-Jun,NA,NA,NA,50.45804,-126.16997
2015-06-20-J07-PI-1,NA,PI,not dissected,NA,NA,24,10,10,2015-06-20,J07,JS,23-Jun,NA,NA,NA,50.45804,-126.16997
2015-06-20-J07-PI-10,NA,PI,not dissected,NA,NA,24,10,10,2015-06-20,J07,JS,23-Jun,NA,NA,NA,50.45804,-126.16997
2015-06-20-J07-PI-2,NA,PI,not dissected,NA,NA,24,10,10,2015-06-20,J07,JS,23-Jun,NA,NA,NA,50.45804,-126.16997
2015-06-20-J07-PI-3,NA,PI,not dissected,NA,NA,24,10,10,2015-06-20,J07,JS,23-Jun,NA,NA,NA,50.45804,-126.16997
2015-06-20-J07-PI-4,NA,PI,not dissected,NA,NA,24,10,10,2015-06-20,J07,JS,23-Jun,NA,NA,NA,50.45804,-126.16997
2015-06-20-J07-PI-5,NA,PI,not dissected,NA,NA,24,10,10,2015-06-20,J07,JS,23-Jun,NA,NA,NA,50.45804,-126.16997
2015-06-20-J07-PI-6,NA,PI,not dissected,NA,NA,24,10,10,2015-06-20,J07,JS,23-Jun,NA,NA,NA,50.45804,-126.16997
2015-06-20-J07-PI-7,NA,PI,not dissected,NA,NA,24,10,10,2015-06-20,J07,JS,23-Jun,NA,NA,NA,50.45804,-126.16997
2015-06-20-J07-PI-8,NA,PI,not dissected,NA,NA,24,10,10,2015-06-20,J07,JS,23-Jun,NA,NA,NA,50.45804,-126.16997
2015-06-20-J07-PI-9,NA,PI,not dissected,NA,NA,24,10,10,2015-06-20,J07,JS,23-Jun,NA,NA,NA,50.45804,-126.16997
2015-06-29-J07-CU-1,NA,CU,not dissected,NA,NA,30,10,10,2015-06-29,J07,JS,30-Jun,NA,NA,NA,50.45942,-126.16916
2015-06-29-J07-CU-10,NA,CU,not dissected,NA,NA,30,10,10,2015-06-29,J07,JS,30-Jun,NA,NA,NA,50.45942,-126.16916
2015-06-29-J07-CU-2,NA,CU,not dissected,NA,NA,30,10,10,2015-06-29,J07,JS,30-Jun,NA,NA,NA,50.45942,-126.16916
2015-06-29-J07-CU-3,NA,CU,not dissected,NA,NA,30,10,10,2015-06-29,J07,JS,30-Jun,NA,NA,NA,50.45942,-126.16916
2015-06-29-J07-CU-4,NA,CU,not dissected,NA,NA,30,10,10,2015-06-29,J07,JS,30-Jun,NA,NA,NA,50.45942,-126.16916
2015-06-29-J07-CU-5,NA,CU,not dissected,NA,NA,30,10,10,2015-06-29,J07,JS,30-Jun,NA,NA,NA,50.45942,-126.16916
2015-06-29-J07-CU-6,NA,CU,not dissected,NA,NA,30,10,10,2015-06-29,J07,JS,30-Jun,NA,NA,NA,50.45942,-126.16916
2015-06-29-J07-CU-7,NA,CU,not dissected,NA,NA,30,10,10,2015-06-29,J07,JS,30-Jun,NA,NA,NA,50.45942,-126.16916
2015-06-29-J07-CU-8,NA,CU,not dissected,NA,NA,30,10,10,2015-06-29,J07,JS,30-Jun,NA,NA,NA,50.45942,-126.16916
2015-06-29-J07-CU-9,NA,CU,not dissected,NA,NA,30,10,10,2015-06-29,J07,JS,30-Jun,NA,NA,NA,50.45942,-126.16916
2015-06-29-J07-PI-1,NA,PI,not dissected,NA,NA,30,10,10,2015-06-29,J07,JS,30-Jun,NA,NA,NA,50.45942,-126.16916
2015-06-29-J07-PI-10,NA,PI,not dissected,NA,NA,30,10,10,2015-06-29,J07,JS,30-Jun,NA,NA,NA,50.45942,-126.16916
2015-06-29-J07-PI-2,NA,PI,not dissected,NA,NA,30,10,10,2015-06-29,J07,JS,30-Jun,NA,NA,NA,50.45942,-126.16916
2015-06-29-J07-PI-3,NA,PI,not dissected,NA,NA,30,10,10,2015-06-29,J07,JS,30-Jun,NA,NA,NA,50.45942,-126.16916
2015-06-29-J07-PI-4,NA,PI,not dissected,NA,NA,30,10,10,2015-06-29,J07,JS,30-Jun,NA,NA,NA,50.45942,-126.16916
2015-06-29-J07-PI-5,NA,PI,not dissected,NA,NA,30,10,10,2015-06-29,J07,JS,30-Jun,NA,NA,NA,50.45942,-126.16916
2015-06-29-J07-PI-6,NA,PI,not dissected,NA,NA,30,10,10,2015-06-29,J07,JS,30-Jun,NA,NA,NA,50.45942,-126.16916
2015-06-29-J07-PI-7,NA,PI,not dissected,NA,NA,30,10,10,2015-06-29,J07,JS,30-Jun,NA,NA,NA,50.45942,-126.16916
2015-06-29-J07-PI-8,NA,PI,not dissected,NA,NA,30,10,10,2015-06-29,J07,JS,30-Jun,NA,NA,NA,50.45942,-126.16916
2015-06-29-J07-PI-9,NA,PI,not dissected,NA,NA,30,10,10,2015-06-29,J07,JS,30-Jun,NA,NA,NA,50.45942,-126.16916
2016-05-19-D07-CU-1,NA,CU,not dissected,NA,NA,30,10,10,2016-05-19,D07,DI,19-May,NA,NA,NA,50.191099,-125.138578
2016-05-19-D07-CU-10,NA,CU,not dissected,NA,NA,30,10,10,2016-05-19,D07,DI,19-May,NA,NA,NA,50.191099,-125.138578
2016-05-19-D07-CU-2,NA,CU,not dissected,NA,NA,30,10,10,2016-05-19,D07,DI,19-May,NA,NA,NA,50.191099,-125.138578
2016-05-19-D07-CU-3,NA,CU,not dissected,NA,NA,30,10,10,2016-05-19,D07,DI,19-May,NA,NA,NA,50.191099,-125.138578
2016-05-19-D07-CU-4,NA,CU,not dissected,NA,NA,30,10,10,2016-05-19,D07,DI,19-May,NA,NA,NA,50.191099,-125.138578
2016-05-19-D07-CU-5,NA,CU,not dissected,NA,NA,30,10,10,2016-05-19,D07,DI,19-May,NA,NA,NA,50.191099,-125.138578
2016-05-19-D07-CU-6,NA,CU,not dissected,NA,NA,30,10,10,2016-05-19,D07,DI,19-May,NA,NA,NA,50.191099,-125.138578
2016-05-19-D07-CU-7,NA,CU,not dissected,NA,NA,30,10,10,2016-05-19,D07,DI,19-May,NA,NA,NA,50.191099,-125.138578
2016-05-19-D07-CU-8,NA,CU,not dissected,NA,NA,30,10,10,2016-05-19,D07,DI,19-May,NA,NA,NA,50.191099,-125.138578
2016-05-19-D07-CU-9,NA,CU,not dissected,NA,NA,30,10,10,2016-05-19,D07,DI,19-May,NA,NA,NA,50.191099,-125.138578
2016-05-19-D07-PI-1,NA,PI,not dissected,NA,NA,30,10,10,2016-05-19,D07,DI,19-May,NA,NA,NA,50.191099,-125.138578
2016-05-19-D07-PI-10,NA,PI,not dissected,NA,NA,30,10,10,2016-05-19,D07,DI,19-May,NA,NA,NA,50.191099,-125.138578
2016-05-19-D07-PI-2,NA,PI,not dissected,NA,NA,30,10,10,2016-05-19,D07,DI,19-May,NA,NA,NA,50.191099,-125.138578
2016-05-19-D07-PI-3,NA,PI,not dissected,NA,NA,30,10,10,2016-05-19,D07,DI,19-May,NA,NA,NA,50.191099,-125.138578
2016-05-19-D07-PI-4,NA,PI,not dissected,NA,NA,30,10,10,2016-05-19,D07,DI,19-May,NA,NA,NA,50.191099,-125.138578
2016-05-19-D07-PI-5,NA,PI,not dissected,NA,NA,30,10,10,2016-05-19,D07,DI,19-May,NA,NA,NA,50.191099,-125.138578
2016-05-19-D07-PI-6,NA,PI,not dissected,NA,NA,30,10,10,2016-05-19,D07,DI,19-May,NA,NA,NA,50.191099,-125.138578
2016-05-19-D07-PI-7,NA,PI,not dissected,NA,NA,30,10,10,2016-05-19,D07,DI,19-May,NA,NA,NA,50.191099,-125.138578
2016-05-19-D07-PI-8,NA,PI,not dissected,NA,NA,30,10,10,2016-05-19,D07,DI,19-May,NA,NA,NA,50.191099,-125.138578
2016-05-19-D07-PI-9,NA,PI,not dissected,NA,NA,30,10,10,2016-05-19,D07,DI,19-May,NA,NA,NA,50.191099,-125.138578
2016-05-26-D07-CU-1,NA,CU,not dissected,NA,NA,30,10,10,2016-05-26,D07,DI,26-May,NA,NA,NA,50.190737,-125.143169
2016-05-26-D07-CU-10,NA,CU,not dissected,NA,NA,30,10,10,2016-05-26,D07,DI,26-May,NA,NA,NA,50.190737,-125.143169
2016-05-26-D07-CU-2,NA,CU,not dissected,NA,NA,30,10,10,2016-05-26,D07,DI,26-May,NA,NA,NA,50.190737,-125.143169
2016-05-26-D07-CU-3,NA,CU,not dissected,NA,NA,30,10,10,2016-05-26,D07,DI,26-May,NA,NA,NA,50.190737,-125.143169
2016-05-26-D07-CU-4,NA,CU,not dissected,NA,NA,30,10,10,2016-05-26,D07,DI,26-May,NA,NA,NA,50.190737,-125.143169
2016-05-26-D07-CU-5,NA,CU,not dissected,NA,NA,30,10,10,2016-05-26,D07,DI,26-May,NA,NA,NA,50.190737,-125.143169
2016-05-26-D07-CU-6,NA,CU,not dissected,NA,NA,30,10,10,2016-05-26,D07,DI,26-May,NA,NA,NA,50.190737,-125.143169
2016-05-26-D07-CU-7,NA,CU,not dissected,NA,NA,30,10,10,2016-05-26,D07,DI,26-May,NA,NA,NA,50.190737,-125.143169
2016-05-26-D07-CU-8,NA,CU,not dissected,NA,NA,30,10,10,2016-05-26,D07,DI,26-May,NA,NA,NA,50.190737,-125.143169
2016-05-26-D07-CU-9,NA,CU,not dissected,NA,NA,30,10,10,2016-05-26,D07,DI,26-May,NA,NA,NA,50.190737,-125.143169
2016-05-26-D07-PI-1,NA,PI,not dissected,NA,NA,30,10,10,2016-05-26,D07,DI,26-May,NA,NA,NA,50.190737,-125.143169
2016-05-26-D07-PI-10,NA,PI,not dissected,NA,NA,30,10,10,2016-05-26,D07,DI,26-May,NA,NA,NA,50.190737,-125.143169
2016-05-26-D07-PI-2,NA,PI,not dissected,NA,NA,30,10,10,2016-05-26,D07,DI,26-May,NA,NA,NA,50.190737,-125.143169
2016-05-26-D07-PI-3,NA,PI,not dissected,NA,NA,30,10,10,2016-05-26,D07,DI,26-May,NA,NA,NA,50.190737,-125.143169
2016-05-26-D07-PI-4,NA,PI,not dissected,NA,NA,30,10,10,2016-05-26,D07,DI,26-May,NA,NA,NA,50.190737,-125.143169
2016-05-26-D07-PI-5,NA,PI,not dissected,NA,NA,30,10,10,2016-05-26,D07,DI,26-May,NA,NA,NA,50.190737,-125.143169
2016-05-26-D07-PI-6,NA,PI,not dissected,NA,NA,30,10,10,2016-05-26,D07,DI,26-May,NA,NA,NA,50.190737,-125.143169
2016-05-26-D07-PI-7,NA,PI,not dissected,NA,NA,30,10,10,2016-05-26,D07,DI,26-May,NA,NA,NA,50.190737,-125.143169
2016-05-26-D07-PI-8,NA,PI,not dissected,NA,NA,30,10,10,2016-05-26,D07,DI,26-May,NA,NA,NA,50.190737,-125.143169
2016-05-26-D07-PI-9,NA,PI,not dissected,NA,NA,30,10,10,2016-05-26,D07,DI,26-May,NA,NA,NA,50.190737,-125.143169
2016-06-03-D07-CU-1,NA,CU,not dissected,NA,NA,30,10,10,2016-06-03,D07,DI,02-Jun,NA,NA,NA,50.190887,-125.143416
2016-06-03-D07-CU-10,NA,CU,not dissected,NA,NA,30,10,10,2016-06-03,D07,DI,02-Jun,NA,NA,NA,50.190887,-125.143416
2016-06-03-D07-CU-2,NA,CU,not dissected,NA,NA,30,10,10,2016-06-03,D07,DI,02-Jun,NA,NA,NA,50.190887,-125.143416
2016-06-03-D07-CU-3,NA,CU,not dissected,NA,NA,30,10,10,2016-06-03,D07,DI,02-Jun,NA,NA,NA,50.190887,-125.143416
2016-06-03-D07-CU-4,NA,CU,not dissected,NA,NA,30,10,10,2016-06-03,D07,DI,02-Jun,NA,NA,NA,50.190887,-125.143416
2016-06-03-D07-CU-5,NA,CU,not dissected,NA,NA,30,10,10,2016-06-03,D07,DI,02-Jun,NA,NA,NA,50.190887,-125.143416
2016-06-03-D07-CU-6,NA,CU,not dissected,NA,NA,30,10,10,2016-06-03,D07,DI,02-Jun,NA,NA,NA,50.190887,-125.143416
2016-06-03-D07-CU-7,NA,CU,not dissected,NA,NA,30,10,10,2016-06-03,D07,DI,02-Jun,NA,NA,NA,50.190887,-125.143416
2016-06-03-D07-CU-8,NA,CU,not dissected,NA,NA,30,10,10,2016-06-03,D07,DI,02-Jun,NA,NA,NA,50.190887,-125.143416
2016-06-03-D07-CU-9,NA,CU,not dissected,NA,NA,30,10,10,2016-06-03,D07,DI,02-Jun,NA,NA,NA,50.190887,-125.143416
2016-06-03-D07-PI-1,NA,PI,not dissected,NA,NA,30,10,10,2016-06-03,D07,DI,02-Jun,NA,NA,NA,50.190887,-125.143416
2016-06-03-D07-PI-10,NA,PI,not dissected,NA,NA,30,10,10,2016-06-03,D07,DI,02-Jun,NA,NA,NA,50.190887,-125.143416
2016-06-03-D07-PI-2,NA,PI,not dissected,NA,NA,30,10,10,2016-06-03,D07,DI,02-Jun,NA,NA,NA,50.190887,-125.143416
2016-06-03-D07-PI-3,NA,PI,not dissected,NA,NA,30,10,10,2016-06-03,D07,DI,02-Jun,NA,NA,NA,50.190887,-125.143416
2016-06-03-D07-PI-4,NA,PI,not dissected,NA,NA,30,10,10,2016-06-03,D07,DI,02-Jun,NA,NA,NA,50.190887,-125.143416
2016-06-03-D07-PI-5,NA,PI,not dissected,NA,NA,30,10,10,2016-06-03,D07,DI,02-Jun,NA,NA,NA,50.190887,-125.143416
2016-06-03-D07-PI-6,NA,PI,not dissected,NA,NA,30,10,10,2016-06-03,D07,DI,02-Jun,NA,NA,NA,50.190887,-125.143416
2016-06-03-D07-PI-7,NA,PI,not dissected,NA,NA,30,10,10,2016-06-03,D07,DI,02-Jun,NA,NA,NA,50.190887,-125.143416
2016-06-03-D07-PI-8,NA,PI,not dissected,NA,NA,30,10,10,2016-06-03,D07,DI,02-Jun,NA,NA,NA,50.190887,-125.143416
2016-06-03-D07-PI-9,NA,PI,not dissected,NA,NA,30,10,10,2016-06-03,D07,DI,02-Jun,NA,NA,NA,50.190887,-125.143416
2016-06-03-J07-CU-1,NA,CU,not dissected,NA,NA,30,10,10,2016-06-03,J07,JS,02-Jun,NA,NA,NA,50.459012,-126.1695
2016-06-03-J07-CU-10,NA,CU,not dissected,NA,NA,30,10,10,2016-06-03,J07,JS,02-Jun,NA,NA,NA,50.459012,-126.1695
2016-06-03-J07-CU-2,NA,CU,not dissected,NA,NA,30,10,10,2016-06-03,J07,JS,02-Jun,NA,NA,NA,50.459012,-126.1695
2016-06-03-J07-CU-3,NA,CU,not dissected,NA,NA,30,10,10,2016-06-03,J07,JS,02-Jun,NA,NA,NA,50.459012,-126.1695
2016-06-03-J07-CU-4,NA,CU,not dissected,NA,NA,30,10,10,2016-06-03,J07,JS,02-Jun,NA,NA,NA,50.459012,-126.1695
2016-06-03-J07-CU-5,NA,CU,not dissected,NA,NA,30,10,10,2016-06-03,J07,JS,02-Jun,NA,NA,NA,50.459012,-126.1695
2016-06-03-J07-CU-6,NA,CU,not dissected,NA,NA,30,10,10,2016-06-03,J07,JS,02-Jun,NA,NA,NA,50.459012,-126.1695
2016-06-03-J07-CU-7,NA,CU,not dissected,NA,NA,30,10,10,2016-06-03,J07,JS,02-Jun,NA,NA,NA,50.459012,-126.1695
2016-06-03-J07-CU-8,NA,CU,not dissected,NA,NA,30,10,10,2016-06-03,J07,JS,02-Jun,NA,NA,NA,50.459012,-126.1695
2016-06-03-J07-CU-9,NA,CU,not dissected,NA,NA,30,10,10,2016-06-03,J07,JS,02-Jun,NA,NA,NA,50.459012,-126.1695
2016-06-03-J07-PI-1,NA,PI,not dissected,NA,NA,30,10,10,2016-06-03,J07,JS,02-Jun,NA,NA,NA,50.459012,-126.1695
2016-06-03-J07-PI-10,NA,PI,not dissected,NA,NA,30,10,10,2016-06-03,J07,JS,02-Jun,NA,NA,NA,50.459012,-126.1695
2016-06-03-J07-PI-2,NA,PI,not dissected,NA,NA,30,10,10,2016-06-03,J07,JS,02-Jun,NA,NA,NA,50.459012,-126.1695
2016-06-03-J07-PI-3,NA,PI,not dissected,NA,NA,30,10,10,2016-06-03,J07,JS,02-Jun,NA,NA,NA,50.459012,-126.1695
2016-06-03-J07-PI-4,NA,PI,not dissected,NA,NA,30,10,10,2016-06-03,J07,JS,02-Jun,NA,NA,NA,50.459012,-126.1695
2016-06-03-J07-PI-5,NA,PI,not dissected,NA,NA,30,10,10,2016-06-03,J07,JS,02-Jun,NA,NA,NA,50.459012,-126.1695
2016-06-03-J07-PI-6,NA,PI,not dissected,NA,NA,30,10,10,2016-06-03,J07,JS,02-Jun,NA,NA,NA,50.459012,-126.1695
2016-06-03-J07-PI-7,NA,PI,not dissected,NA,NA,30,10,10,2016-06-03,J07,JS,02-Jun,NA,NA,NA,50.459012,-126.1695
2016-06-03-J07-PI-8,NA,PI,not dissected,NA,NA,30,10,10,2016-06-03,J07,JS,02-Jun,NA,NA,NA,50.459012,-126.1695
2016-06-03-J07-PI-9,NA,PI,not dissected,NA,NA,30,10,10,2016-06-03,J07,JS,02-Jun,NA,NA,NA,50.459012,-126.1695
2016-06-08-D11-CU-1,NA,CU,not dissected,NA,NA,30,10,10,2016-06-08,D11,DI,09-Jun,NA,NA,NA,50.347862,-125.455554
2016-06-08-D11-CU-10,NA,CU,not dissected,NA,NA,30,10,10,2016-06-08,D11,DI,09-Jun,NA,NA,NA,50.347862,-125.455554
2016-06-08-D11-CU-2,NA,CU,not dissected,NA,NA,30,10,10,2016-06-08,D11,DI,09-Jun,NA,NA,NA,50.347862,-125.455554
2016-06-08-D11-CU-3,NA,CU,not dissected,NA,NA,30,10,10,2016-06-08,D11,DI,09-Jun,NA,NA,NA,50.347862,-125.455554
2016-06-08-D11-CU-4,NA,CU,not dissected,NA,NA,30,10,10,2016-06-08,D11,DI,09-Jun,NA,NA,NA,50.347862,-125.455554
2016-06-08-D11-CU-5,NA,CU,not dissected,NA,NA,30,10,10,2016-06-08,D11,DI,09-Jun,NA,NA,NA,50.347862,-125.455554
2016-06-08-D11-CU-6,NA,CU,not dissected,NA,NA,30,10,10,2016-06-08,D11,DI,09-Jun,NA,NA,NA,50.347862,-125.455554
2016-06-08-D11-CU-7,NA,CU,not dissected,NA,NA,30,10,10,2016-06-08,D11,DI,09-Jun,NA,NA,NA,50.347862,-125.455554
2016-06-08-D11-CU-8,NA,CU,not dissected,NA,NA,30,10,10,2016-06-08,D11,DI,09-Jun,NA,NA,NA,50.347862,-125.455554
2016-06-08-D11-CU-9,NA,CU,not dissected,NA,NA,30,10,10,2016-06-08,D11,DI,09-Jun,NA,NA,NA,50.347862,-125.455554
2016-06-08-D11-PI-1,NA,PI,not dissected,NA,NA,30,10,10,2016-06-08,D11,DI,09-Jun,NA,NA,NA,50.347862,-125.455554
2016-06-08-D11-PI-10,NA,PI,not dissected,NA,NA,30,10,10,2016-06-08,D11,DI,09-Jun,NA,NA,NA,50.347862,-125.455554
2016-06-08-D11-PI-2,NA,PI,not dissected,NA,NA,30,10,10,2016-06-08,D11,DI,09-Jun,NA,NA,NA,50.347862,-125.455554
2016-06-08-D11-PI-3,NA,PI,not dissected,NA,NA,30,10,10,2016-06-08,D11,DI,09-Jun,NA,NA,NA,50.347862,-125.455554
2016-06-08-D11-PI-4,NA,PI,not dissected,NA,NA,30,10,10,2016-06-08,D11,DI,09-Jun,NA,NA,NA,50.347862,-125.455554
2016-06-08-D11-PI-5,NA,PI,not dissected,NA,NA,30,10,10,2016-06-08,D11,DI,09-Jun,NA,NA,NA,50.347862,-125.455554
2016-06-08-D11-PI-6,NA,PI,not dissected,NA,NA,30,10,10,2016-06-08,D11,DI,09-Jun,NA,NA,NA,50.347862,-125.455554
2016-06-08-D11-PI-7,NA,PI,not dissected,NA,NA,30,10,10,2016-06-08,D11,DI,09-Jun,NA,NA,NA,50.347862,-125.455554
2016-06-08-D11-PI-8,NA,PI,not dissected,NA,NA,30,10,10,2016-06-08,D11,DI,09-Jun,NA,NA,NA,50.347862,-125.455554
2016-06-08-D11-PI-9,NA,PI,not dissected,NA,NA,30,10,10,2016-06-08,D11,DI,09-Jun,NA,NA,NA,50.347862,-125.455554
2016-06-09-D07-CU-1,NA,CU,not dissected,NA,NA,30,10,4,2016-06-09,D07,DI,09-Jun,NA,NA,NA,50.190683,-125.143138
2016-06-09-D07-CU-2,NA,CU,not dissected,NA,NA,30,10,4,2016-06-09,D07,DI,09-Jun,NA,NA,NA,50.190683,-125.143138
2016-06-09-D07-CU-3,NA,CU,not dissected,NA,NA,30,10,4,2016-06-09,D07,DI,09-Jun,NA,NA,NA,50.190683,-125.143138
2016-06-09-D07-CU-4,NA,CU,not dissected,NA,NA,30,10,4,2016-06-09,D07,DI,09-Jun,NA,NA,NA,50.190683,-125.143138
2016-06-09-D07-PI-1,NA,PI,not dissected,NA,NA,30,10,4,2016-06-09,D07,DI,09-Jun,NA,NA,NA,50.190683,-125.143138
2016-06-09-D07-PI-10,NA,PI,not dissected,NA,NA,30,10,4,2016-06-09,D07,DI,09-Jun,NA,NA,NA,50.190683,-125.143138
2016-06-09-D07-PI-2,NA,PI,not dissected,NA,NA,30,10,4,2016-06-09,D07,DI,09-Jun,NA,NA,NA,50.190683,-125.143138
2016-06-09-D07-PI-3,NA,PI,not dissected,NA,NA,30,10,4,2016-06-09,D07,DI,09-Jun,NA,NA,NA,50.190683,-125.143138
2016-06-09-D07-PI-4,NA,PI,not dissected,NA,NA,30,10,4,2016-06-09,D07,DI,09-Jun,NA,NA,NA,50.190683,-125.143138
2016-06-09-D07-PI-5,NA,PI,not dissected,NA,NA,30,10,4,2016-06-09,D07,DI,09-Jun,NA,NA,NA,50.190683,-125.143138
2016-06-09-D07-PI-6,NA,PI,not dissected,NA,NA,30,10,4,2016-06-09,D07,DI,09-Jun,NA,NA,NA,50.190683,-125.143138
2016-06-09-D07-PI-7,NA,PI,not dissected,NA,NA,30,10,4,2016-06-09,D07,DI,09-Jun,NA,NA,NA,50.190683,-125.143138
2016-06-09-D07-PI-8,NA,PI,not dissected,NA,NA,30,10,4,2016-06-09,D07,DI,09-Jun,NA,NA,NA,50.190683,-125.143138
2016-06-09-D07-PI-9,NA,PI,not dissected,NA,NA,30,10,4,2016-06-09,D07,DI,09-Jun,NA,NA,NA,50.190683,-125.143138
2016-06-09-J02-CU-1,U2947,CU,dissected,20,NA,30,10,10,2016-06-09,J02,JS,09-Jun,Quadra Prep Lab,Freezer Room Top Shelf,Stomach Group Box 10,50.602327,-126.701507
2016-06-09-J02-CU-10,U3200,CU,dissected,14.3,104,30,10,10,2016-06-09,J02,JS,09-Jun,Quadra Prep Lab,Freezer Room Top Shelf,Stomach Group Box 10,50.602327,-126.701507
2016-06-09-J02-CU-2,U3198,CU,dissected,22.7,NA,30,10,10,2016-06-09,J02,JS,09-Jun,Quadra Prep Lab,Freezer Room Top Shelf,Stomach Group Box 10,50.602327,-126.701507
2016-06-09-J02-CU-3,U2951,CU,dissected,16.7,NA,30,10,10,2016-06-09,J02,JS,09-Jun,Quadra Prep Lab,Freezer Room Top Shelf,Stomach Group Box 10,50.602327,-126.701507
2016-06-09-J02-CU-4,U2950,CU,dissected,16.3,116,30,10,10,2016-06-09,J02,JS,09-Jun,Quadra Prep Lab,Freezer Room Top Shelf,Stomach Group Box 10,50.602327,-126.701507
2016-06-09-J02-CU-5,U2949,CU,dissected,27,134,30,10,10,2016-06-09,J02,JS,09-Jun,Quadra Prep Lab,Freezer Room Top Shelf,Stomach Group Box 10,50.602327,-126.701507
2016-06-09-J02-CU-6,U2948,CU,dissected,15.8,117,30,10,10,2016-06-09,J02,JS,09-Jun,Quadra Prep Lab,Freezer Room Top Shelf,Stomach Group Box 10,50.602327,-126.701507
2016-06-09-J02-CU-7,U3197,CU,dissected,23.8,130,30,10,10,2016-06-09,J02,JS,09-Jun,Quadra Prep Lab,Freezer Room Top Shelf,Stomach Group Box 10,50.602327,-126.701507
2016-06-09-J02-CU-8,U3199,CU,dissected,25,130,30,10,10,2016-06-09,J02,JS,09-Jun,Quadra Prep Lab,Freezer Room Top Shelf,Stomach Group Box 10,50.602327,-126.701507
2016-06-09-J02-CU-9,U3196,CU,dissected,23.5,131,30,10,10,2016-06-09,J02,JS,09-Jun,Quadra Prep Lab,Freezer Room Top Shelf,Stomach Group Box 10,50.602327,-126.701507
2016-06-09-J02-PI-1,U3839,PI,dissected,8.6,96,30,10,10,2016-06-09,J02,JS,09-Jun,Quadra Prep Lab,Back End Shelving Unit,Shelf J,50.602327,-126.701507
2016-06-09-J02-PI-10,U3838,PI,dissected,14,106,30,10,10,2016-06-09,J02,JS,09-Jun,Quadra Prep Lab,Back End Shelving Unit,Shelf J,50.602327,-126.701507
2016-06-09-J02-PI-2,U3837,PI,dissected,18.1,120,30,10,10,2016-06-09,J02,JS,09-Jun,Quadra Prep Lab,Back End Shelving Unit,Shelf J,50.602327,-126.701507
2016-06-09-J02-PI-3,U3835,PI,dissected,12.6,NA,30,10,10,2016-06-09,J02,JS,09-Jun,Quadra Prep Lab,Back End Shelving Unit,Shelf J,50.602327,-126.701507
2016-06-09-J02-PI-4,U3888,PI,dissected,13.4,116,30,10,10,2016-06-09,J02,JS,09-Jun,Quadra Prep Lab,Back End Shelving Unit,Shelf J,50.602327,-126.701507
2016-06-09-J02-PI-5,U3887,PI,dissected,13.5,106,30,10,10,2016-06-09,J02,JS,09-Jun,Quadra Prep Lab,Back End Shelving Unit,Shelf J,50.602327,-126.701507
2016-06-09-J02-PI-6,U3836,PI,dissected,13.6,110,30,10,10,2016-06-09,J02,JS,09-Jun,Quadra Prep Lab,Back End Shelving Unit,Shelf J,50.602327,-126.701507
2016-06-09-J02-PI-7,U3834,PI,dissected,15.3,116,30,10,10,2016-06-09,J02,JS,09-Jun,Quadra Prep Lab,Back End Shelving Unit,Shelf J,50.602327,-126.701507
2016-06-09-J02-PI-8,U3889,PI,dissected,13.3,114,30,10,10,2016-06-09,J02,JS,09-Jun,Quadra Prep Lab,Back End Shelving Unit,Shelf J,50.602327,-126.701507
2016-06-09-J02-PI-9,U3840,PI,dissected,27.2,NA,30,10,10,2016-06-09,J02,JS,09-Jun,Quadra Prep Lab,Back End Shelving Unit,Shelf J,50.602327,-126.701507
2016-06-09-J09-CU-1,U3720,CU,dissected,9.1,100,29,10,10,2016-06-09,J09,JS,09-Jun,Quadra Prep Lab,Back End Shelving Unit,Shelf J,50.544941,-126.816489
2016-06-09-J09-CU-10,U3716,CU,dissected,12.2,106,29,10,10,2016-06-09,J09,JS,09-Jun,Quadra Prep Lab,Freezer Room Top Shelf,Stomach Group Box 13,50.544941,-126.816489
2016-06-09-J09-CU-2,U3718,CU,dissected,7.3,NA,29,10,10,2016-06-09,J09,JS,09-Jun,Quadra Prep Lab,Freezer Room Top Shelf,Stomach Group Box 13,50.544941,-126.816489
2016-06-09-J09-CU-3,U3717,CU,dissected,10.3,NA,29,10,10,2016-06-09,J09,JS,09-Jun,Quadra Prep Lab,Freezer Room Top Shelf,Stomach Group Box 13,50.544941,-126.816489
2016-06-09-J09-CU-4,U3719,CU,dissected,12.1,106,29,10,10,2016-06-09,J09,JS,09-Jun,Quadra Prep Lab,Back End Shelving Unit,Shelf J,50.544941,-126.816489
2016-06-09-J09-CU-5,U3712,CU,dissected,12.5,116,29,10,10,2016-06-09,J09,JS,09-Jun,Quadra Prep Lab,Freezer Room Top Shelf,Stomach Group Box 13,50.544941,-126.816489
2016-06-09-J09-CU-6,U3714,CU,dissected,28.6,138,29,10,10,2016-06-09,J09,JS,09-Jun,Quadra Prep Lab,Freezer Room Top Shelf,Stomach Group Box 13,50.544941,-126.816489
2016-06-09-J09-CU-7,U3711,CU,dissected,10.2,NA,29,10,10,2016-06-09,J09,JS,09-Jun,Quadra Prep Lab,Freezer Room Top Shelf,Stomach Group Box 13,50.544941,-126.816489
2016-06-09-J09-CU-8,U3715,CU,dissected,19.4,122,29,10,10,2016-06-09,J09,JS,09-Jun,Quadra Prep Lab,Freezer Room Top Shelf,Stomach Group Box 13,50.544941,-126.816489
2016-06-09-J09-CU-9,U3713,CU,dissected,16.1,120,29,10,10,2016-06-09,J09,JS,09-Jun,Quadra Prep Lab,Freezer Room Top Shelf,Stomach Group Box 13,50.544941,-126.816489
2016-06-09-J09-PI-1,NA,PI,not dissected,NA,NA,29,10,10,2016-06-09,J09,JS,09-Jun,NA,NA,NA,50.544941,-126.816489
2016-06-09-J09-PI-10,NA,PI,not dissected,NA,NA,29,10,10,2016-06-09,J09,JS,09-Jun,NA,NA,NA,50.544941,-126.816489
2016-06-09-J09-PI-2,NA,PI,not dissected,NA,NA,29,10,10,2016-06-09,J09,JS,09-Jun,NA,NA,NA,50.544941,-126.816489
2016-06-09-J09-PI-3,NA,PI,not dissected,NA,NA,29,10,10,2016-06-09,J09,JS,09-Jun,NA,NA,NA,50.544941,-126.816489
2016-06-09-J09-PI-4,NA,PI,not dissected,NA,NA,29,10,10,2016-06-09,J09,JS,09-Jun,NA,NA,NA,50.544941,-126.816489
2016-06-09-J09-PI-5,NA,PI,not dissected,NA,NA,29,10,10,2016-06-09,J09,JS,09-Jun,NA,NA,NA,50.544941,-126.816489
2016-06-09-J09-PI-6,NA,PI,not dissected,NA,NA,29,10,10,2016-06-09,J09,JS,09-Jun,NA,NA,NA,50.544941,-126.816489
2016-06-09-J09-PI-7,NA,PI,not dissected,NA,NA,29,10,10,2016-06-09,J09,JS,09-Jun,NA,NA,NA,50.544941,-126.816489
2016-06-09-J09-PI-8,NA,PI,not dissected,NA,NA,29,10,10,2016-06-09,J09,JS,09-Jun,NA,NA,NA,50.544941,-126.816489
2016-06-09-J09-PI-9,NA,PI,not dissected,NA,NA,29,10,10,2016-06-09,J09,JS,09-Jun,NA,NA,NA,50.544941,-126.816489
2016-06-10-J04-CU-1,NA,CU,not dissected,NA,NA,30,9,10,2016-06-10,J04,JS,09-Jun,NA,NA,NA,50.51821,-126.406079
2016-06-10-J04-CU-10,NA,CU,not dissected,NA,NA,30,9,10,2016-06-10,J04,JS,09-Jun,NA,NA,NA,50.51821,-126.406079
2016-06-10-J04-CU-2,NA,CU,not dissected,NA,NA,30,9,10,2016-06-10,J04,JS,09-Jun,NA,NA,NA,50.51821,-126.406079
2016-06-10-J04-CU-3,NA,CU,not dissected,NA,NA,30,9,10,2016-06-10,J04,JS,09-Jun,NA,NA,NA,50.51821,-126.406079
2016-06-10-J04-CU-4,NA,CU,not dissected,NA,NA,30,9,10,2016-06-10,J04,JS,09-Jun,NA,NA,NA,50.51821,-126.406079
2016-06-10-J04-CU-5,NA,CU,not dissected,NA,NA,30,9,10,2016-06-10,J04,JS,09-Jun,NA,NA,NA,50.51821,-126.406079
2016-06-10-J04-CU-6,NA,CU,not dissected,NA,NA,30,9,10,2016-06-10,J04,JS,09-Jun,NA,NA,NA,50.51821,-126.406079
2016-06-10-J04-CU-7,NA,CU,not dissected,NA,NA,30,9,10,2016-06-10,J04,JS,09-Jun,NA,NA,NA,50.51821,-126.406079
2016-06-10-J04-CU-8,NA,CU,not dissected,NA,NA,30,9,10,2016-06-10,J04,JS,09-Jun,NA,NA,NA,50.51821,-126.406079
2016-06-10-J04-CU-9,NA,CU,not dissected,NA,NA,30,9,10,2016-06-10,J04,JS,09-Jun,NA,NA,NA,50.51821,-126.406079
2016-06-10-J04-PI-1,NA,PI,not dissected,NA,NA,30,9,10,2016-06-10,J04,JS,09-Jun,NA,NA,NA,50.51821,-126.406079
2016-06-10-J04-PI-2,NA,PI,not dissected,NA,NA,30,9,10,2016-06-10,J04,JS,09-Jun,NA,NA,NA,50.51821,-126.406079
2016-06-10-J04-PI-3,NA,PI,not dissected,NA,NA,30,9,10,2016-06-10,J04,JS,09-Jun,NA,NA,NA,50.51821,-126.406079
2016-06-10-J04-PI-4,NA,PI,not dissected,NA,NA,30,9,10,2016-06-10,J04,JS,09-Jun,NA,NA,NA,50.51821,-126.406079
2016-06-10-J04-PI-5,NA,PI,not dissected,NA,NA,30,9,10,2016-06-10,J04,JS,09-Jun,NA,NA,NA,50.51821,-126.406079
2016-06-10-J04-PI-6,NA,PI,not dissected,NA,NA,30,9,10,2016-06-10,J04,JS,09-Jun,NA,NA,NA,50.51821,-126.406079
2016-06-10-J04-PI-7,NA,PI,not dissected,NA,NA,30,9,10,2016-06-10,J04,JS,09-Jun,NA,NA,NA,50.51821,-126.406079
2016-06-10-J04-PI-8,NA,PI,not dissected,NA,NA,30,9,10,2016-06-10,J04,JS,09-Jun,NA,NA,NA,50.51821,-126.406079
2016-06-10-J04-PI-9,NA,PI,not dissected,NA,NA,30,9,10,2016-06-10,J04,JS,09-Jun,NA,NA,NA,50.51821,-126.406079
2016-06-10-J08-CU-1,NA,CU,not dissected,NA,NA,30,10,10,2016-06-10,J08,JS,09-Jun,NA,NA,NA,50.480214,-126.4142
2016-06-10-J08-CU-10,NA,CU,not dissected,NA,NA,30,10,10,2016-06-10,J08,JS,09-Jun,NA,NA,NA,50.480214,-126.4142
2016-06-10-J08-CU-2,NA,CU,not dissected,NA,NA,30,10,10,2016-06-10,J08,JS,09-Jun,NA,NA,NA,50.480214,-126.4142
2016-06-10-J08-CU-3,NA,CU,not dissected,NA,NA,30,10,10,2016-06-10,J08,JS,09-Jun,NA,NA,NA,50.480214,-126.4142
2016-06-10-J08-CU-4,NA,CU,not dissected,NA,NA,30,10,10,2016-06-10,J08,JS,09-Jun,NA,NA,NA,50.480214,-126.4142
2016-06-10-J08-CU-5,NA,CU,not dissected,NA,NA,30,10,10,2016-06-10,J08,JS,09-Jun,NA,NA,NA,50.480214,-126.4142
2016-06-10-J08-CU-6,NA,CU,not dissected,NA,NA,30,10,10,2016-06-10,J08,JS,09-Jun,NA,NA,NA,50.480214,-126.4142
2016-06-10-J08-CU-7,NA,CU,not dissected,NA,NA,30,10,10,2016-06-10,J08,JS,09-Jun,NA,NA,NA,50.480214,-126.4142
2016-06-10-J08-CU-8,NA,CU,not dissected,NA,NA,30,10,10,2016-06-10,J08,JS,09-Jun,NA,NA,NA,50.480214,-126.4142
2016-06-10-J08-CU-9,NA,CU,not dissected,NA,NA,30,10,10,2016-06-10,J08,JS,09-Jun,NA,NA,NA,50.480214,-126.4142
2016-06-10-J08-PI-1,NA,PI,not dissected,NA,NA,30,10,10,2016-06-10,J08,JS,09-Jun,NA,NA,NA,50.480214,-126.4142
2016-06-10-J08-PI-10,NA,PI,not dissected,NA,NA,30,10,10,2016-06-10,J08,JS,09-Jun,NA,NA,NA,50.480214,-126.4142
2016-06-10-J08-PI-2,NA,PI,not dissected,NA,NA,30,10,10,2016-06-10,J08,JS,09-Jun,NA,NA,NA,50.480214,-126.4142
2016-06-10-J08-PI-3,NA,PI,not dissected,NA,NA,30,10,10,2016-06-10,J08,JS,09-Jun,NA,NA,NA,50.480214,-126.4142
2016-06-10-J08-PI-4,NA,PI,not dissected,NA,NA,30,10,10,2016-06-10,J08,JS,09-Jun,NA,NA,NA,50.480214,-126.4142
2016-06-10-J08-PI-5,NA,PI,not dissected,NA,NA,30,10,10,2016-06-10,J08,JS,09-Jun,NA,NA,NA,50.480214,-126.4142
2016-06-10-J08-PI-6,NA,PI,not dissected,NA,NA,30,10,10,2016-06-10,J08,JS,09-Jun,NA,NA,NA,50.480214,-126.4142
2016-06-10-J08-PI-7,NA,PI,not dissected,NA,NA,30,10,10,2016-06-10,J08,JS,09-Jun,NA,NA,NA,50.480214,-126.4142
2016-06-10-J08-PI-8,NA,PI,not dissected,NA,NA,30,10,10,2016-06-10,J08,JS,09-Jun,NA,NA,NA,50.480214,-126.4142
2016-06-10-J08-PI-9,NA,PI,not dissected,NA,NA,30,10,10,2016-06-10,J08,JS,09-Jun,NA,NA,NA,50.480214,-126.4142
2016-06-11-J06-CU-1,NA,CU,not dissected,NA,NA,29,10,10,2016-06-11,J06,JS,09-Jun,NA,NA,NA,50.476173,-126.029443
2016-06-11-J06-CU-10,NA,CU,not dissected,NA,NA,29,10,10,2016-06-11,J06,JS,09-Jun,NA,NA,NA,50.476173,-126.029443
2016-06-11-J06-CU-2,NA,CU,not dissected,NA,NA,29,10,10,2016-06-11,J06,JS,09-Jun,NA,NA,NA,50.476173,-126.029443
2016-06-11-J06-CU-3,NA,CU,not dissected,NA,NA,29,10,10,2016-06-11,J06,JS,09-Jun,NA,NA,NA,50.476173,-126.029443
2016-06-11-J06-CU-4,NA,CU,not dissected,NA,NA,29,10,10,2016-06-11,J06,JS,09-Jun,NA,NA,NA,50.476173,-126.029443
2016-06-11-J06-CU-5,NA,CU,not dissected,NA,NA,29,10,10,2016-06-11,J06,JS,09-Jun,NA,NA,NA,50.476173,-126.029443
2016-06-11-J06-CU-6,NA,CU,not dissected,NA,NA,29,10,10,2016-06-11,J06,JS,09-Jun,NA,NA,NA,50.476173,-126.029443
2016-06-11-J06-CU-7,NA,CU,not dissected,NA,NA,29,10,10,2016-06-11,J06,JS,09-Jun,NA,NA,NA,50.476173,-126.029443
2016-06-11-J06-CU-8,NA,CU,not dissected,NA,NA,29,10,10,2016-06-11,J06,JS,09-Jun,NA,NA,NA,50.476173,-126.029443
2016-06-11-J06-CU-9,NA,CU,not dissected,NA,NA,29,10,10,2016-06-11,J06,JS,09-Jun,NA,NA,NA,50.476173,-126.029443
2016-06-11-J06-PI-1,NA,PI,not dissected,NA,NA,29,10,10,2016-06-11,J06,JS,09-Jun,NA,NA,NA,50.476173,-126.029443
2016-06-11-J06-PI-10,NA,PI,not dissected,NA,NA,29,10,10,2016-06-11,J06,JS,09-Jun,NA,NA,NA,50.476173,-126.029443
2016-06-11-J06-PI-2,NA,PI,not dissected,NA,NA,29,10,10,2016-06-11,J06,JS,09-Jun,NA,NA,NA,50.476173,-126.029443
2016-06-11-J06-PI-3,NA,PI,not dissected,NA,NA,29,10,10,2016-06-11,J06,JS,09-Jun,NA,NA,NA,50.476173,-126.029443
2016-06-11-J06-PI-4,NA,PI,not dissected,NA,NA,29,10,10,2016-06-11,J06,JS,09-Jun,NA,NA,NA,50.476173,-126.029443
2016-06-11-J06-PI-5,NA,PI,not dissected,NA,NA,29,10,10,2016-06-11,J06,JS,09-Jun,NA,NA,NA,50.476173,-126.029443
2016-06-11-J06-PI-6,NA,PI,not dissected,NA,NA,29,10,10,2016-06-11,J06,JS,09-Jun,NA,NA,NA,50.476173,-126.029443
2016-06-11-J06-PI-7,NA,PI,not dissected,NA,NA,29,10,10,2016-06-11,J06,JS,09-Jun,NA,NA,NA,50.476173,-126.029443
2016-06-11-J06-PI-8,NA,PI,not dissected,NA,NA,29,10,10,2016-06-11,J06,JS,09-Jun,NA,NA,NA,50.476173,-126.029443
2016-06-11-J06-PI-9,NA,PI,not dissected,NA,NA,29,10,10,2016-06-11,J06,JS,09-Jun,NA,NA,NA,50.476173,-126.029443
2016-06-11-J07-CU-1,NA,CU,not dissected,NA,NA,30,10,10,2016-06-11,J07,JS,09-Jun,NA,NA,NA,50.456683,-126.153895
2016-06-11-J07-CU-10,NA,CU,not dissected,NA,NA,30,10,10,2016-06-11,J07,JS,09-Jun,NA,NA,NA,50.456683,-126.153895
2016-06-11-J07-CU-2,NA,CU,not dissected,NA,NA,30,10,10,2016-06-11,J07,JS,09-Jun,NA,NA,NA,50.456683,-126.153895
2016-06-11-J07-CU-3,NA,CU,not dissected,NA,NA,30,10,10,2016-06-11,J07,JS,09-Jun,NA,NA,NA,50.456683,-126.153895
2016-06-11-J07-CU-4,NA,CU,not dissected,NA,NA,30,10,10,2016-06-11,J07,JS,09-Jun,NA,NA,NA,50.456683,-126.153895
2016-06-11-J07-CU-5,NA,CU,not dissected,NA,NA,30,10,10,2016-06-11,J07,JS,09-Jun,NA,NA,NA,50.456683,-126.153895
2016-06-11-J07-CU-6,NA,CU,not dissected,NA,NA,30,10,10,2016-06-11,J07,JS,09-Jun,NA,NA,NA,50.456683,-126.153895
2016-06-11-J07-CU-7,NA,CU,not dissected,NA,NA,30,10,10,2016-06-11,J07,JS,09-Jun,NA,NA,NA,50.456683,-126.153895
2016-06-11-J07-CU-8,NA,CU,not dissected,NA,NA,30,10,10,2016-06-11,J07,JS,09-Jun,NA,NA,NA,50.456683,-126.153895
2016-06-11-J07-CU-9,NA,CU,not dissected,NA,NA,30,10,10,2016-06-11,J07,JS,09-Jun,NA,NA,NA,50.456683,-126.153895
2016-06-11-J07-PI-1,NA,PI,not dissected,NA,NA,30,10,10,2016-06-11,J07,JS,09-Jun,NA,NA,NA,50.456683,-126.153895
2016-06-11-J07-PI-10,NA,PI,not dissected,NA,NA,30,10,10,2016-06-11,J07,JS,09-Jun,NA,NA,NA,50.456683,-126.153895
2016-06-11-J07-PI-2,NA,PI,not dissected,NA,NA,30,10,10,2016-06-11,J07,JS,09-Jun,NA,NA,NA,50.456683,-126.153895
2016-06-11-J07-PI-3,NA,PI,not dissected,NA,NA,30,10,10,2016-06-11,J07,JS,09-Jun,NA,NA,NA,50.456683,-126.153895
2016-06-11-J07-PI-4,NA,PI,not dissected,NA,NA,30,10,10,2016-06-11,J07,JS,09-Jun,NA,NA,NA,50.456683,-126.153895
2016-06-11-J07-PI-5,NA,PI,not dissected,NA,NA,30,10,10,2016-06-11,J07,JS,09-Jun,NA,NA,NA,50.456683,-126.153895
2016-06-11-J07-PI-6,NA,PI,not dissected,NA,NA,30,10,10,2016-06-11,J07,JS,09-Jun,NA,NA,NA,50.456683,-126.153895
2016-06-11-J07-PI-7,NA,PI,not dissected,NA,NA,30,10,10,2016-06-11,J07,JS,09-Jun,NA,NA,NA,50.456683,-126.153895
2016-06-11-J07-PI-8,NA,PI,not dissected,NA,NA,30,10,10,2016-06-11,J07,JS,09-Jun,NA,NA,NA,50.456683,-126.153895
2016-06-11-J07-PI-9,NA,PI,not dissected,NA,NA,30,10,10,2016-06-11,J07,JS,09-Jun,NA,NA,NA,50.456683,-126.153895
2016-06-14-D09-CU-1,U3329,CU,dissected,9.6,102,30,10,10,2016-06-14,D09,DI,16-Jun,Quadra Prep Lab,Freezer Room Top Shelf,Stomach Group Box 9,50.307203,-125.332605
2016-06-14-D09-CU-10,U2979,CU,dissected,8.5,99,30,10,10,2016-06-14,D09,DI,16-Jun,Quadra Prep Lab,Freezer Room Top Shelf,Stomach Group Box 9,50.307203,-125.332605
2016-06-14-D09-CU-2,U3328,CU,dissected,10.2,104,30,10,10,2016-06-14,D09,DI,16-Jun,Quadra Prep Lab,Freezer Room Top Shelf,Stomach Group Box 9,50.307203,-125.332605
2016-06-14-D09-CU-3,U3503,CU,dissected,8.5,100,30,10,10,2016-06-14,D09,DI,16-Jun,Quadra Prep Lab,Freezer Room Top Shelf,Stomach Group Box 9,50.307203,-125.332605
2016-06-14-D09-CU-4,U3327,CU,dissected,8,NA,30,10,10,2016-06-14,D09,DI,16-Jun,Quadra Prep Lab,Freezer Room Top Shelf,Stomach Group Box 9,50.307203,-125.332605
2016-06-14-D09-CU-5,U3326,CU,dissected,10.1,106,30,10,10,2016-06-14,D09,DI,16-Jun,Quadra Prep Lab,Freezer Room Top Shelf,Stomach Group Box 9,50.307203,-125.332605
2016-06-14-D09-CU-6,U3325,CU,dissected,13.1,113,30,10,10,2016-06-14,D09,DI,16-Jun,Quadra Prep Lab,Freezer Room Top Shelf,Stomach Group Box 9,50.307203,-125.332605
2016-06-14-D09-CU-7,U3501,CU,dissected,10.7,105,30,10,10,2016-06-14,D09,DI,16-Jun,Quadra Prep Lab,Freezer Room Top Shelf,Stomach Group Box 9,50.307203,-125.332605
2016-06-14-D09-CU-8,U3502,CU,dissected,13,113,30,10,10,2016-06-14,D09,DI,16-Jun,Quadra Prep Lab,Freezer Room Top Shelf,Stomach Group Box 9,50.307203,-125.332605
2016-06-14-D09-CU-9,U2978,CU,dissected,9.4,NA,30,10,10,2016-06-14,D09,DI,16-Jun,Quadra Prep Lab,Freezer Room Top Shelf,Stomach Group Box 9,50.307203,-125.332605
2016-06-14-D09-PI-1,U3765,PI,dissected,10.1,105,30,10,10,2016-06-14,D09,DI,16-Jun,Quadra Prep Lab,Freezer Room Top Shelf,Stomach Group Box 9,50.307203,-125.332605
2016-06-14-D09-PI-10,U3763,PI,dissected,11.9,111,30,10,10,2016-06-14,D09,DI,16-Jun,Quadra Prep Lab,Freezer Room Top Shelf,Stomach Group Box 9,50.307203,-125.332605
2016-06-14-D09-PI-2,U3768,PI,dissected,10.6,106,30,10,10,2016-06-14,D09,DI,16-Jun,Quadra Prep Lab,Freezer Room Top Shelf,Stomach Group Box 9,50.307203,-125.332605
2016-06-14-D09-PI-3,U3769,PI,dissected,9.9,NA,30,10,10,2016-06-14,D09,DI,16-Jun,Quadra Prep Lab,Freezer Room Top Shelf,Stomach Group Box 9,50.307203,-125.332605
2016-06-14-D09-PI-4,U3764,PI,dissected,7.7,97,30,10,10,2016-06-14,D09,DI,16-Jun,Quadra Prep Lab,Freezer Room Top Shelf,Stomach Group Box 9,50.307203,-125.332605
2016-06-14-D09-PI-5,U3766,PI,dissected,7.6,NA,30,10,10,2016-06-14,D09,DI,16-Jun,Quadra Prep Lab,Freezer Room Top Shelf,Stomach Group Box 9,50.307203,-125.332605
2016-06-14-D09-PI-6,U3770,PI,dissected,9.6,104,30,10,10,2016-06-14,D09,DI,16-Jun,Quadra Prep Lab,Freezer Room Top Shelf,Stomach Group Box 9,50.307203,-125.332605
2016-06-14-D09-PI-7,U3771,PI,dissected,8.9,105,30,10,10,2016-06-14,D09,DI,16-Jun,Quadra Prep Lab,Freezer Room Top Shelf,Stomach Group Box 9,50.307203,-125.332605
2016-06-14-D09-PI-8,U3762,PI,dissected,11.4,111,30,10,10,2016-06-14,D09,DI,16-Jun,Quadra Prep Lab,Freezer Room Top Shelf,Stomach Group Box 9,50.307203,-125.332605
2016-06-14-D09-PI-9,U3767,PI,dissected,7.9,102,30,10,10,2016-06-14,D09,DI,16-Jun,Quadra Prep Lab,Freezer Room Top Shelf,Stomach Group Box 9,50.307203,-125.332605
2016-06-16-D07-CU-1,NA,CU,not dissected,NA,NA,30,10,10,2016-06-16,D07,DI,16-Jun,NA,NA,NA,50.191383,-125.143884
2016-06-16-D07-CU-10,NA,CU,not dissected,NA,NA,30,10,10,2016-06-16,D07,DI,16-Jun,NA,NA,NA,50.191383,-125.143884
2016-06-16-D07-CU-2,NA,CU,not dissected,NA,NA,30,10,10,2016-06-16,D07,DI,16-Jun,NA,NA,NA,50.191383,-125.143884
2016-06-16-D07-CU-3,NA,CU,not dissected,NA,NA,30,10,10,2016-06-16,D07,DI,16-Jun,NA,NA,NA,50.191383,-125.143884
2016-06-16-D07-CU-4,NA,CU,not dissected,NA,NA,30,10,10,2016-06-16,D07,DI,16-Jun,NA,NA,NA,50.191383,-125.143884
2016-06-16-D07-CU-5,NA,CU,not dissected,NA,NA,30,10,10,2016-06-16,D07,DI,16-Jun,NA,NA,NA,50.191383,-125.143884
2016-06-16-D07-CU-6,NA,CU,not dissected,NA,NA,30,10,10,2016-06-16,D07,DI,16-Jun,NA,NA,NA,50.191383,-125.143884
2016-06-16-D07-CU-7,NA,CU,not dissected,NA,NA,30,10,10,2016-06-16,D07,DI,16-Jun,NA,NA,NA,50.191383,-125.143884
2016-06-16-D07-CU-8,NA,CU,not dissected,NA,NA,30,10,10,2016-06-16,D07,DI,16-Jun,NA,NA,NA,50.191383,-125.143884
2016-06-16-D07-CU-9,NA,CU,not dissected,NA,NA,30,10,10,2016-06-16,D07,DI,16-Jun,NA,NA,NA,50.191383,-125.143884
2016-06-16-D07-PI-1,NA,PI,not dissected,NA,NA,30,10,10,2016-06-16,D07,DI,16-Jun,NA,NA,NA,50.191383,-125.143884
2016-06-16-D07-PI-10,NA,PI,not dissected,NA,NA,30,10,10,2016-06-16,D07,DI,16-Jun,NA,NA,NA,50.191383,-125.143884
2016-06-16-D07-PI-2,NA,PI,not dissected,NA,NA,30,10,10,2016-06-16,D07,DI,16-Jun,NA,NA,NA,50.191383,-125.143884
2016-06-16-D07-PI-3,NA,PI,not dissected,NA,NA,30,10,10,2016-06-16,D07,DI,16-Jun,NA,NA,NA,50.191383,-125.143884
2016-06-16-D07-PI-4,NA,PI,not dissected,NA,NA,30,10,10,2016-06-16,D07,DI,16-Jun,NA,NA,NA,50.191383,-125.143884
2016-06-16-D07-PI-5,NA,PI,not dissected,NA,NA,30,10,10,2016-06-16,D07,DI,16-Jun,NA,NA,NA,50.191383,-125.143884
2016-06-16-D07-PI-6,NA,PI,not dissected,NA,NA,30,10,10,2016-06-16,D07,DI,16-Jun,NA,NA,NA,50.191383,-125.143884
2016-06-16-D07-PI-7,NA,PI,not dissected,NA,NA,30,10,10,2016-06-16,D07,DI,16-Jun,NA,NA,NA,50.191383,-125.143884
2016-06-16-D07-PI-8,NA,PI,not dissected,NA,NA,30,10,10,2016-06-16,D07,DI,16-Jun,NA,NA,NA,50.191383,-125.143884
2016-06-16-D07-PI-9,NA,PI,not dissected,NA,NA,30,10,10,2016-06-16,D07,DI,16-Jun,NA,NA,NA,50.191383,-125.143884
2016-06-20-J07-CU-1,NA,CU,not dissected,NA,NA,30,10,10,2016-06-20,J07,JS,23-Jun,NA,NA,NA,50.455728,-126.116461
2016-06-20-J07-CU-10,NA,CU,not dissected,NA,NA,30,10,10,2016-06-20,J07,JS,23-Jun,NA,NA,NA,50.455728,-126.116461
2016-06-20-J07-CU-2,NA,CU,not dissected,NA,NA,30,10,10,2016-06-20,J07,JS,23-Jun,NA,NA,NA,50.455728,-126.116461
2016-06-20-J07-CU-3,NA,CU,not dissected,NA,NA,30,10,10,2016-06-20,J07,JS,23-Jun,NA,NA,NA,50.455728,-126.116461
2016-06-20-J07-CU-4,NA,CU,not dissected,NA,NA,30,10,10,2016-06-20,J07,JS,23-Jun,NA,NA,NA,50.455728,-126.116461
2016-06-20-J07-CU-5,NA,CU,not dissected,NA,NA,30,10,10,2016-06-20,J07,JS,23-Jun,NA,NA,NA,50.455728,-126.116461
2016-06-20-J07-CU-6,NA,CU,not dissected,NA,NA,30,10,10,2016-06-20,J07,JS,23-Jun,NA,NA,NA,50.455728,-126.116461
2016-06-20-J07-CU-7,NA,CU,not dissected,NA,NA,30,10,10,2016-06-20,J07,JS,23-Jun,NA,NA,NA,50.455728,-126.116461
2016-06-20-J07-CU-8,NA,CU,not dissected,NA,NA,30,10,10,2016-06-20,J07,JS,23-Jun,NA,NA,NA,50.455728,-126.116461
2016-06-20-J07-CU-9,NA,CU,not dissected,NA,NA,30,10,10,2016-06-20,J07,JS,23-Jun,NA,NA,NA,50.455728,-126.116461
2016-06-20-J07-PI-1,NA,PI,not dissected,NA,NA,30,10,10,2016-06-20,J07,JS,23-Jun,NA,NA,NA,50.455728,-126.116461
2016-06-20-J07-PI-10,NA,PI,not dissected,NA,NA,30,10,10,2016-06-20,J07,JS,23-Jun,NA,NA,NA,50.455728,-126.116461
2016-06-20-J07-PI-2,NA,PI,not dissected,NA,NA,30,10,10,2016-06-20,J07,JS,23-Jun,NA,NA,NA,50.455728,-126.116461
2016-06-20-J07-PI-3,NA,PI,not dissected,NA,NA,30,10,10,2016-06-20,J07,JS,23-Jun,NA,NA,NA,50.455728,-126.116461
2016-06-20-J07-PI-4,NA,PI,not dissected,NA,NA,30,10,10,2016-06-20,J07,JS,23-Jun,NA,NA,NA,50.455728,-126.116461
2016-06-20-J07-PI-5,NA,PI,not dissected,NA,NA,30,10,10,2016-06-20,J07,JS,23-Jun,NA,NA,NA,50.455728,-126.116461
2016-06-20-J07-PI-6,NA,PI,not dissected,NA,NA,30,10,10,2016-06-20,J07,JS,23-Jun,NA,NA,NA,50.455728,-126.116461
2016-06-20-J07-PI-7,NA,PI,not dissected,NA,NA,30,10,10,2016-06-20,J07,JS,23-Jun,NA,NA,NA,50.455728,-126.116461
2016-06-20-J07-PI-8,NA,PI,not dissected,NA,NA,30,10,10,2016-06-20,J07,JS,23-Jun,NA,NA,NA,50.455728,-126.116461
2016-06-20-J07-PI-9,NA,PI,not dissected,NA,NA,30,10,10,2016-06-20,J07,JS,23-Jun,NA,NA,NA,50.455728,-126.116461
2016-06-25-J07-CU-1,NA,CU,not dissected,NA,NA,30,10,10,2016-06-25,J07,JS,23-Jun,NA,NA,NA,50.45733,-126.16553
2016-06-25-J07-CU-10,NA,CU,not dissected,NA,NA,30,10,10,2016-06-25,J07,JS,23-Jun,NA,NA,NA,50.45733,-126.16553
2016-06-25-J07-CU-2,NA,CU,not dissected,NA,NA,30,10,10,2016-06-25,J07,JS,23-Jun,NA,NA,NA,50.45733,-126.16553
2016-06-25-J07-CU-3,NA,CU,not dissected,NA,NA,30,10,10,2016-06-25,J07,JS,23-Jun,NA,NA,NA,50.45733,-126.16553
2016-06-25-J07-CU-4,NA,CU,not dissected,NA,NA,30,10,10,2016-06-25,J07,JS,23-Jun,NA,NA,NA,50.45733,-126.16553
2016-06-25-J07-CU-5,NA,CU,not dissected,NA,NA,30,10,10,2016-06-25,J07,JS,23-Jun,NA,NA,NA,50.45733,-126.16553
2016-06-25-J07-CU-6,NA,CU,not dissected,NA,NA,30,10,10,2016-06-25,J07,JS,23-Jun,NA,NA,NA,50.45733,-126.16553
2016-06-25-J07-CU-7,NA,CU,not dissected,NA,NA,30,10,10,2016-06-25,J07,JS,23-Jun,NA,NA,NA,50.45733,-126.16553
2016-06-25-J07-CU-8,NA,CU,not dissected,NA,NA,30,10,10,2016-06-25,J07,JS,23-Jun,NA,NA,NA,50.45733,-126.16553
2016-06-25-J07-CU-9,NA,CU,not dissected,NA,NA,30,10,10,2016-06-25,J07,JS,23-Jun,NA,NA,NA,50.45733,-126.16553
2016-06-25-J07-PI-1,NA,PI,not dissected,NA,NA,30,10,10,2016-06-25,J07,JS,23-Jun,NA,NA,NA,50.45733,-126.16553
2016-06-25-J07-PI-10,NA,PI,not dissected,NA,NA,30,10,10,2016-06-25,J07,JS,23-Jun,NA,NA,NA,50.45733,-126.16553
2016-06-25-J07-PI-2,NA,PI,not dissected,NA,NA,30,10,10,2016-06-25,J07,JS,23-Jun,NA,NA,NA,50.45733,-126.16553
2016-06-25-J07-PI-3,NA,PI,not dissected,NA,NA,30,10,10,2016-06-25,J07,JS,23-Jun,NA,NA,NA,50.45733,-126.16553
2016-06-25-J07-PI-4,NA,PI,not dissected,NA,NA,30,10,10,2016-06-25,J07,JS,23-Jun,NA,NA,NA,50.45733,-126.16553
2016-06-25-J07-PI-5,NA,PI,not dissected,NA,NA,30,10,10,2016-06-25,J07,JS,23-Jun,NA,NA,NA,50.45733,-126.16553
2016-06-25-J07-PI-6,NA,PI,not dissected,NA,NA,30,10,10,2016-06-25,J07,JS,23-Jun,NA,NA,NA,50.45733,-126.16553
2016-06-25-J07-PI-7,NA,PI,not dissected,NA,NA,30,10,10,2016-06-25,J07,JS,23-Jun,NA,NA,NA,50.45733,-126.16553
2016-06-25-J07-PI-8,NA,PI,not dissected,NA,NA,30,10,10,2016-06-25,J07,JS,23-Jun,NA,NA,NA,50.45733,-126.16553
2016-06-25-J07-PI-9,NA,PI,not dissected,NA,NA,30,10,10,2016-06-25,J07,JS,23-Jun,NA,NA,NA,50.45733,-126.16553
2016-07-05-J07-CU-1,NA,CU,not dissected,NA,NA,30,10,10,2016-07-05,J07,JS,06-Jul,NA,NA,NA,50.456886,-126.162647
2016-07-05-J07-CU-10,NA,CU,not dissected,NA,NA,30,10,10,2016-07-05,J07,JS,06-Jul,NA,NA,NA,50.456886,-126.162647
2016-07-05-J07-CU-2,NA,CU,not dissected,NA,NA,30,10,10,2016-07-05,J07,JS,06-Jul,NA,NA,NA,50.456886,-126.162647
2016-07-05-J07-CU-3,NA,CU,not dissected,NA,NA,30,10,10,2016-07-05,J07,JS,06-Jul,NA,NA,NA,50.456886,-126.162647
2016-07-05-J07-CU-4,NA,CU,not dissected,NA,NA,30,10,10,2016-07-05,J07,JS,06-Jul,NA,NA,NA,50.456886,-126.162647
2016-07-05-J07-CU-5,NA,CU,not dissected,NA,NA,30,10,10,2016-07-05,J07,JS,06-Jul,NA,NA,NA,50.456886,-126.162647
2016-07-05-J07-CU-6,NA,CU,not dissected,NA,NA,30,10,10,2016-07-05,J07,JS,06-Jul,NA,NA,NA,50.456886,-126.162647
2016-07-05-J07-CU-7,NA,CU,not dissected,NA,NA,30,10,10,2016-07-05,J07,JS,06-Jul,NA,NA,NA,50.456886,-126.162647
2016-07-05-J07-CU-8,NA,CU,not dissected,NA,NA,30,10,10,2016-07-05,J07,JS,06-Jul,NA,NA,NA,50.456886,-126.162647
2016-07-05-J07-CU-9,NA,CU,not dissected,NA,NA,30,10,10,2016-07-05,J07,JS,06-Jul,NA,NA,NA,50.456886,-126.162647
2016-07-05-J07-PI-1,NA,PI,not dissected,NA,NA,30,10,10,2016-07-05,J07,JS,06-Jul,NA,NA,NA,50.456886,-126.162647
2016-07-05-J07-PI-10,NA,PI,not dissected,NA,NA,30,10,10,2016-07-05,J07,JS,06-Jul,NA,NA,NA,50.456886,-126.162647
2016-07-05-J07-PI-2,NA,PI,not dissected,NA,NA,30,10,10,2016-07-05,J07,JS,06-Jul,NA,NA,NA,50.456886,-126.162647
2016-07-05-J07-PI-3,NA,PI,not dissected,NA,NA,30,10,10,2016-07-05,J07,JS,06-Jul,NA,NA,NA,50.456886,-126.162647
2016-07-05-J07-PI-4,NA,PI,not dissected,NA,NA,30,10,10,2016-07-05,J07,JS,06-Jul,NA,NA,NA,50.456886,-126.162647
2016-07-05-J07-PI-5,NA,PI,not dissected,NA,NA,30,10,10,2016-07-05,J07,JS,06-Jul,NA,NA,NA,50.456886,-126.162647
2016-07-05-J07-PI-6,NA,PI,not dissected,NA,NA,30,10,10,2016-07-05,J07,JS,06-Jul,NA,NA,NA,50.456886,-126.162647
2016-07-05-J07-PI-7,NA,PI,not dissected,NA,NA,30,10,10,2016-07-05,J07,JS,06-Jul,NA,NA,NA,50.456886,-126.162647
2016-07-05-J07-PI-8,NA,PI,not dissected,NA,NA,30,10,10,2016-07-05,J07,JS,06-Jul,NA,NA,NA,50.456886,-126.162647
2016-07-05-J07-PI-9,NA,PI,not dissected,NA,NA,30,10,10,2016-07-05,J07,JS,06-Jul,NA,NA,NA,50.456886,-126.162647