sample_id,sample_type,ufn,species,seine_id,survey_date,site_id,sample_comments,container_id,position
S12987LC1,sealice_microbiome,U12987,SO,JE311N5,2017-06-28,J02,NA,BSL1,1
S12813LC1,sealice_microbiome,U12813,SO,JE309N1,2017-06-21,J09,NA,BSL1,2
S12820LC1,sealice_microbiome,U12820,SO,JE309N1,2017-06-21,J09,NA,BSL1,3
S12974LC1,sealice_microbiome,U12974,SO,JE311N5,2017-06-28,J02,NA,BSL1,4
S12973LC1,sealice_microbiome,U12973,SO,JE311N5,2017-06-28,J02,NA,BSL1,5
S12975LC1,sealice_microbiome,U12975,SO,JE311N5,2017-06-28,J02,NA,BSL1,7
S12977LC1,sealice_microbiome,U12977,SO,JE311N5,2017-06-28,J02,NA,BSL1,8
S10972LC1,sealice_microbiome,U10972,SO,DE376N1,2017-06-13,D27,NA,BSL1,9
S10971LC1,sealice_microbiome,U10971,SO,DE376N1,2017-06-13,D27,NA,BSL1,10
S10973LC1,sealice_microbiome,U10973,SO,DE376N1,2017-06-13,D27,NA,BSL1,11
S10980LC1,sealice_microbiome,U10980,SO,DE376N1,2017-06-13,D27,NA,BSL1,12
S10978LC1,sealice_microbiome,U10978,SO,DE376N1,2017-06-13,D27,NA,BSL1,13
S12554LC1,sealice_microbiome,U12554,SO,JE305N1,2017-06-06,J02,NA,BSL1,14
S12904LC1,sealice_microbiome,U12904,SO,JE310N1,2017-06-27,J09,NA,BSL1,15
S10736LC1,sealice_microbiome,U10736,SO,DE373N1,2017-06-26,D09,NA,BSL1,17
S10734LC1,sealice_microbiome,U10734,SO,DE373N1,2017-06-26,D09,NA,BSL1,18
S10740LC1,sealice_microbiome,U10740,SO,DE373N1,2017-06-26,D09,NA,BSL1,19
S10732LC1,sealice_microbiome,U10732,SO,DE373N1,2017-06-26,D09,NA,BSL1,20
S10738LC1,sealice_microbiome,U10738,SO,DE373N1,2017-06-26,D09,NA,BSL1,21
S12572LC1,sealice_microbiome,U12572,SO,JE306N1,2017-06-13,J09,NA,BSL1,22
S12665LC1,sealice_microbiome,U12665,SO,JE307N1,2017-06-14,J03,NA,BSL1,23
S12668LC1,sealice_microbiome,U12668,SO,JE307N1,2017-06-14,J03,NA,BSL1,24
S12670LL1,sealice_microbiome,U12670,SO,JE307N1,2017-06-14,J03,NA,BSL1,25
S12666LC1,sealice_microbiome,U12666,SO,JE307N1,2017-06-14,J03,NA,BSL1,27
S12413LC1,sealice_microbiome,U12413,SO,JE304N2,2017-06-06,J03,NA,BSL1,28
S12420LC1,sealice_microbiome,U12420,SO,JE304N2,2017-06-06,J03,NA,BSL1,29
S10741LC1,sealice_microbiome,U10741,SO,DE373N1,2017-06-26,D09,NA,BSL1,30
S12422LC1,sealice_microbiome,U12422,SO,JE304N2,2017-06-06,J03,NA,BSL1,31
S12951LC1,sealice_microbiome,U12951,SO,JE310N2,2017-06-27,J09,NA,BSL1,32
S11070LC1,sealice_microbiome,U11070,SO,DE377N1,2017-06-19,D22,NA,BSL1,33
S11054LC1,sealice_microbiome,U11054,SO,DE377N1,2017-06-19,D22,NA,BSL1,34
S12612LC1,sealice_microbiome,U12612,CO,JE306N1,2017-06-13,J09,NA,BSL1,35
S12613LC1,sealice_microbiome,U12613,CO,JE306N1,2017-06-13,J09,NA,BSL1,37
S12618LC1,sealice_microbiome,U12618,CO,JE306N1,2017-06-13,J09,NA,BSL1,38
S12617LC1,sealice_microbiome,U12617,CO,JE306N1,2017-06-13,J09,NA,BSL1,39
S12700LC1,sealice_microbiome,U12700,CO,JE307N1,2017-06-14,J03,NA,BSL1,40
S12700LL1,sealice_microbiome,U12700,CO,JE307N1,2017-06-14,J03,NA,BSL1,41
S12694LC1,sealice_microbiome,U12694,CO,JE307N1,2017-06-14,J03,NA,BSL1,42
S12697LC1,sealice_microbiome,U12697,CO,JE307N1,2017-06-14,J03,NA,BSL1,43
S12691LC1,sealice_microbiome,U12691,CO,JE307N1,2017-06-14,J03,NA,BSL1,44
S10725LC1,sealice_microbiome,U10725,SO,DE373N1,2017-06-26,D09,NA,BSL1,45
S10729LC1,sealice_microbiome,U10729,SO,DE373N1,2017-06-26,D09,NA,BSL1,47
S12965LC1,sealice_microbiome,U12965,SO,JE311N5,2017-06-28,J02,NA,BSL1,48
S12566LC1,sealice_microbiome,U12566,SO,JE306N1,2017-06-13,J09,NA,BSL1,49
S10088LC1,sealice_microbiome,U10088,SO,DE365N1,2017-05-25,D09,NA,BSL1,50
S10561LC1,sealice_microbiome,U10561,SO,DE371N1,2017-06-07,D09,NA,BSL1,51
S12693LC1,sealice_microbiome,U12693,CO,JE307N1,2017-06-14,J03,NA,BSL1,52
S11169LC1,sealice_microbiome,U11169,CU,DE378N1,2017-06-20,D09,NA,BSL1,53
S11163LC1,sealice_microbiome,U11163,CU,DE378N1,2017-06-20,D09,NA,BSL1,54
S11161LC1,sealice_microbiome,U11161,CU,DE378N1,2017-06-20,D09,NA,BSL1,55
S11322LC1,sealice_microbiome,U11322,CU,DE380N1,2017-07-05,D09,NA,BSL1,57
S11323LC1,sealice_microbiome,U11323,CU,DE380N1,2017-07-05,D09,NA,BSL1,58
S11321LC1,sealice_microbiome,U11321,CU,DE380N1,2017-07-05,D09,NA,BSL1,59
S11170LC1,sealice_microbiome,U11170,CU,DE378N1,2017-06-20,D09,NA,BSL1,60
S11166LC1,sealice_microbiome,U11166,CU,DE378N1,2017-06-20,D09,NA,BSL1,71
S10084LC1,sealice_microbiome,U10084,SO,DE365N1,2017-05-25,D09,NA,BSL1,72
S12721LC1,sealice_microbiome,U12721,SO,JE308N1,2017-06-20,J02,NA,BSL1,73
S12727LC1,sealice_microbiome,U12727,SO,JE308N1,2017-06-20,J02,NA,BSL1,74
S12726LC1,sealice_microbiome,U12726,SO,JE308N1,2017-06-20,J02,NA,BSL1,75
S10722LC1,sealice_microbiome,U10722,SO,DE373N1,2017-06-26,D09,NA,BSL1,77
S10730LL1,sealice_microbiome,U10730,SO,DE373N1,2017-06-26,D09,NA,BSL1,78
S10721LC1,sealice_microbiome,U10721,SO,DE373N1,2017-06-26,D09,NA,BSL1,79
S10518LC1,sealice_microbiome,U10518,PI,DE370N1,2017-06-05,D27,NA,BSL1,80
S13003LC1,sealice_microbiome,U13003,CU,JE311N5,2017-06-28,J02,NA,BSL1,81
S10527LC1,sealice_microbiome,U10527,CU,DE370N1,2017-06-05,D27,NA,BSL1,82
S10610LC1,sealice_microbiome,U10610,CU,DE371N1,2017-06-07,D09,NA,BSL1,83
S11089LC1,sealice_microbiome,U11089,CU,DE377N1,2017-06-19,D22,NA,BSL1,84
S11082LC1,sealice_microbiome,U11082,CU,DE377N1,2017-06-19,D22,NA,BSL1,85
S11088LL1,sealice_microbiome,U11088,CU,DE377N1,2017-06-19,D22,NA,BSL1,87
S12690LC1,sealice_microbiome,U12690,CU,JE307N1,2017-06-14,J03,NA,BSL1,88
S12684LL1,sealice_microbiome,U12684,CU,JE307N1,2017-06-14,J03,NA,BSL1,89
S12926LC1,sealice_microbiome,U12926,CU,JE310N1,2017-06-27,J09,NA,BSL1,90
S12922LC1,sealice_microbiome,U12922,CU,JE310N1,2017-06-27,J09,NA,BSL1,91
S12924LC1,sealice_microbiome,U12924,CU,JE310N1,2017-06-27,J09,NA,BSL1,92
S12927LC1,sealice_microbiome,U12927,CU,JE310N1,2017-06-27,J09,NA,BSL1,93
S12930LC1,sealice_microbiome,U12930,CU,JE310N1,2017-06-27,J09,NA,BSL1,94
S10110LL1,sealice_microbiome,U10110,SO,DE365N1,2017-05-25,D09,Sea lice thawed,BSL1,100
S12735LC1,sealice_microbiome,U12735,SO,JE308N1,2017-06-20,J02,NA,BSL2,1
S12731LC1,sealice_microbiome,U12731,SO,JE308N1,2017-06-20,J02,NA,BSL2,3
S10990LL1,sealice_microbiome,U10990,SO,DE376N1,2017-06-13,D27,NA,BSL2,7
S10984LC1,sealice_microbiome,U10984,SO,DE376N1,2017-06-13,D27,NA,BSL2,9
S10982LC1,sealice_microbiome,U10982,SO,DE376N1,2017-06-13,D27,NA,BSL2,12
S10986LC1,sealice_microbiome,U10986,SO,DE376N1,2017-06-13,D27,NA,BSL2,14
S10654LC1,sealice_microbiome,U10654,SO,DE372N1,2017-06-12,D09,NA,BSL2,16
S10655LC1,sealice_microbiome,U10655,SO,DE372N1,2017-06-12,D09,NA,BSL2,18
S10580LC1,sealice_microbiome,U10580,SO,DE371N1,2017-06-07,D09,NA,BSL2,20
S10962LC1,sealice_microbiome,U10962,SO,DE376N1,2017-06-13,D27,NA,BSL2,21
S10969LC1,sealice_microbiome,U10969,SO,DE376N1,2017-06-13,D27,NA,BSL2,23
S10129LC1,sealice_microbiome,U10129,CU,DE365N1,2017-05-25,D09,NA,BSL2,25
S10489LC1,sealice_microbiome,U10489,SO,DE370N1,2017-06-05,D27,NA,BSL2,29
S12804LC1,sealice_microbiome,U12804,SO,JE309N1,2017-06-21,J09,NA,BSL2,32
S12806LC1,sealice_microbiome,U12806,SO,JE309N1,2017-06-21,J09,NA,BSL2,34
S10168LC1,sealice_microbiome,U10168,SO,DE366N1,2017-05-26,D34,NA,BSL2,36
S10164LC1,sealice_microbiome,U10164,SO,DE366N1,2017-05-26,D34,NA,BSL2,38
S10167LC1,sealice_microbiome,U10167,SO,DE366N1,2017-05-26,D34,NA,BSL2,40
S12410LC1,sealice_microbiome,U12410,SO,JE304N2,2017-06-06,J03,NA,BSL2,41
S13201LC1,sealice_microbiome,U13201,SO,JE314N1,2017-07-06,J09,NA,BSL2,43
S10530LC1,sealice_microbiome,U10530,CU,DE370N1,2017-06-05,D27,NA,BSL2,45
S10177LC1,sealice_microbiome,U10177,SO,DE366N1,2017-05-26,D34,Sample accidentally left in dry ice cooler at -65C overnight,BSL3,1
S10180LC1,sealice_microbiome,U10180,SO,DE366N1,2017-05-26,D34,Sample accidentally left in dry ice cooler at -65C overnight,BSL3,2
S10178LC1,sealice_microbiome,U10178,SO,DE366N1,2017-05-26,D34,Sample accidentally left in dry ice cooler at -65C overnight,BSL3,3
S10590LC1,sealice_microbiome,U10590,SO,DE371N1,2017-06-07,D09,sea louse found post-dissection; thawed. Sample accidentally left in dry ice cooler at -65C overnight,BSL3,4
S10669LC1,sealice_microbiome,U10669,SO,DE372N1,2017-06-12,D09,Ucal thawed. Sample accidentally left in dry ice cooler at -65C overnight,BSL3,5
S10662LC1,sealice_microbiome,U10662,SO,DE372N1,2017-06-12,D09,Sample accidentally left in dry ice cooler at -65C overnight,BSL3,7
S10667LC1,sealice_microbiome,U10667,SO,DE372N1,2017-06-12,D09,Sample accidentally left in dry ice cooler at -65C overnight,BSL3,8
S12654LC1,sealice_microbiome,U12654,SO,JE307N1,2017-06-14,J03,thawed. Sample accidentally left in dry ice cooler at -65C overnight,BSL3,9
S12653LC1,sealice_microbiome,U12653,SO,JE307N1,2017-06-14,J03,Sample accidentally left in dry ice cooler at -65C overnight,BSL3,10
S12655LC1,sealice_microbiome,U12655,SO,JE307N1,2017-06-14,J03,thawed. Sample accidentally left in dry ice cooler at -65C overnight,BSL3,11
S12658LC1,sealice_microbiome,U12658,SO,JE307N1,2017-06-14,J03,Sample accidentally left in dry ice cooler at -65C overnight,BSL3,12
S10506LC1,sealice_microbiome,U10506,SO,DE370N1,2017-06-05,D27,Sample accidentally left in dry ice cooler at -65C overnight,BSL3,13
S10504LC1,sealice_microbiome,U10504,SO,DE370N1,2017-06-05,D27,Sample accidentally left in dry ice cooler at -65C overnight,BSL3,14
S10503LC1,sealice_microbiome,U10503,SO,DE370N1,2017-06-05,D27,CM thawed. Sample accidentally left in dry ice cooler at -65C overnight,BSL3,15
S10502LC1,sealice_microbiome,U10502,SO,DE370N1,2017-06-05,D27,Sample accidentally left in dry ice cooler at -65C overnight,BSL3,17
S12587LC1,sealice_microbiome,U12587,SO,JE306N1,2017-06-13,J09,Sample accidentally left in dry ice cooler at -65C overnight,BSL3,18
S12582LC1,sealice_microbiome,U12582,SO,JE306N1,2017-06-13,J09,Thawed. Sample accidentally left in dry ice cooler at -65C overnight,BSL3,19
S10782LC1,sealice_microbiome,U10782,HE,DE373N1,2017-06-26,D09,NA,BSL3,20
S10623LC1,sealice_microbiome,U10623,HE,DE371N1,2017-06-07,D09,NA,BSL3,21
S10301LC1,sealice_microbiome,U10301,HE,DE367N1,2017-05-29,D09,NA,BSL3,22
S10593LC1,sealice_microbiome,U10593,PI,DE371N1,2017-06-07,D09,NA,BSL3,23
S10752LC1,sealice_microbiome,U10752,PI,DE373N1,2017-06-26,D09,NA,BSL3,24
S10751LC1,sealice_microbiome,U10751,PI,DE373N1,2017-06-26,D09,NA,BSL3,25
S11311LC1,sealice_microbiome,U11311,PI,DE380N1,2017-07-05,D09,NA,BSL3,26
S10804LC1,sealice_microbiome,U10804,SO,DE374N1,2017-06-28,D10,NA,BSL3,28
S12647LC1,sealice_microbiome,U12647,SO,JE307N1,2017-06-14,J03,NA,BSL3,29
S12641LC1,sealice_microbiome,U12641,SO,JE307N1,2017-06-14,J03,NA,BSL3,30
S11128LC1,sealice_microbiome,U11128,SO,DE378N1,2017-06-20,D09,NA,BSL3,31
S11121LL1,sealice_microbiome,U11121,SO,DE378N1,2017-06-20,D09,NA,BSL3,32
S11129LC1,sealice_microbiome,U11129,SO,DE378N1,2017-06-20,D09,NA,BSL3,33
S5074LC1,sealice_microbiome,U5074,PI,DE308N1,2016-06-09,D07,NA,BSL3,34
S10606LC1,sealice_microbiome,U10606,CU,DE371N1,2017-06-07,D09,NA,BSL3,35
S11046LC1,sealice_microbiome,U11046,SO,DE377N1,2017-06-19,D22,NA,BSL3,37
S10798LC1,sealice_microbiome,U10798,SO,DE373N2,2017-06-26,D09,NA,BSL3,38
S10803LC1,sealice_microbiome,U10803,SO,DE374N1,2017-06-28,D10,NA,BSL3,39
S10808LC1,sealice_microbiome,U10808,SO,DE374N1,2017-06-28,D10,NA,BSL3,40
S10645LC1,sealice_microbiome,U10645,SO,DE372N1,2017-06-12,D09,NA,BSL3,41
S10646LC1,sealice_microbiome,U10646,SO,DE372N1,2017-06-12,D09,NA,BSL3,42
S10647LC1,sealice_microbiome,U10647,SO,DE372N1,2017-06-12,D09,NA,BSL3,43
S12999LC1,sealice_microbiome,U12999,PI,JE311N5,2017-06-28,J02,NA,BSL3,44
S12998LC1,sealice_microbiome,U12998,PI,JE311N5,2017-06-28,J02,NA,BSL3,45
S13000LC1,sealice_microbiome,U13000,PI,JE311N5,2017-06-28,J02,NA,BSL3,47
S12991LC1,sealice_microbiome,U12991,PI,JE311N5,2017-06-28,J02,NA,BSL3,48
S12992LC1,sealice_microbiome,U12992,PI,JE311N5,2017-06-28,J02,NA,BSL3,49
S12996LC1,sealice_microbiome,U12996,PI,JE311N5,2017-06-28,J02,CM severed genital segment,BSL3,50
S12993LC1,sealice_microbiome,U12993,PI,JE311N5,2017-06-28,J02,NA,BSL3,61
S12994LC1,sealice_microbiome,U12994,PI,JE311N5,2017-06-28,J02,NA,BSL3,62
S12994LL1,sealice_microbiome,U12994,PI,JE311N5,2017-06-28,J02,NA,BSL3,63
S10684LC1,sealice_microbiome,U10684,CU,DE372N1,2017-06-12,D09,NA,BSL3,64
SLC5418,sealice_microbiome,U4918,PI,JE147N1,2015-06-04,J03,NA,BSL3,68
SLC5421,sealice_microbiome,U4921,PI,JE147N1,2015-06-04,J03,NA,BSL3,69
S11126LC1,sealice_microbiome,U11126,SO,DE378N1,2017-06-20,D09,NA,BSL3,75
S11124LC1,sealice_microbiome,U11124,SO,DE378N1,2017-06-20,D09,NA,BSL3,77
SLC5428,sealice_microbiome,U4928,PI,JE147N1,2015-06-04,J03,NA,BSL3,80
SLC5424,sealice_microbiome,U4924,PI,JE161N1,2015-06-08,J03,NA,BSL3,81
SLC5429,sealice_microbiome,U4929,PI,JE199N2,2015-06-23,J03,NA,BSL3,82
SLC5425,sealice_microbiome,U4925,PI,JE199N2,2015-06-23,J03,NA,BSL3,83
S10882LC1,sealice_microbiome,U10882,SO,DE375N1,2017-07-04,D27,NA,BSL3,74
SLC5426,sealice_microbiome,U4926,PI,JE199N2,2015-06-23,J03,NA,BSL3,84
SLC5432,sealice_microbiome,U4932,PI,JE184N1,2015-06-17,J03,NA,BSL3,85
SLC5591,sealice_microbiome,U5052,PI,JE184N1,2015-06-17,J03,NA,BSL3,87
SLC5433,sealice_microbiome,U4933,PI,JE184N1,2015-06-17,J03,NA,BSL3,88
SLC5595,sealice_microbiome,U5056,PI,JE184N1,2015-06-17,J03,NA,BSL3,89
SLC5436,sealice_microbiome,U4936,PI,JE184N1,2015-06-17,J03,NA,BSL3,90
SLC5597,sealice_microbiome,U5058,PI,DE158N2,2015-06-04,D06,NA,BSL3,92
SLC5601,sealice_microbiome,U5062,PI,JE217N1,2015-07-01,J03,NA,BSL3,93
SLC5607,sealice_microbiome,U5068,PI,JE217N1,2015-07-01,J03,NA,BSL3,94
SLC5608,sealice_microbiome,U5069,PI,JE217N1,2015-07-01,J03,NA,BSL3,95
SLL5609,sealice_microbiome,U5070,PI,JE217N1,2015-07-01,J03,NA,BSL3,97
SLL5433,sealice_microbiome,U4933,PI,JE184N1,2015-06-17,J03,NA,BSL3,98
SLL5587,sealice_microbiome,U5047,PI,JE199N2,2015-06-23,J03,NA,BSL3,99
SLL5427,sealice_microbiome,U4927,PI,JE199N2,2015-06-23,J03,NA,BSL3,100
S12808LC1,sealice_microbiome,U12808,SO,JE309N1,2017-06-21,J09,NA,BSL2,27
S12605LC1,sealice_microbiome,U12605,CU,JE306N1,2017-06-13,J09,NA,BSL1,95
S12607LC1,sealice_microbiome,U12607,CU,JE306N1,2017-06-13,J09,NA,BSL1,97
S12604LC1,sealice_microbiome,U12604,CU,JE306N1,2017-06-13,J09,NA,BSL1,98
S10769LC1,sealice_microbiome,U10769,CU,DE373N1,2017-06-26,D09,NA,BSL1,99
S10768LC1,sealice_microbiome,U10768,CU,DE373N1,2017-06-26,D09,NA,BSL4,1
S10770LC1,sealice_microbiome,U10770,CU,DE373N1,2017-06-26,D09,NA,BSL4,2
S10764LC1,sealice_microbiome,U10764,CU,DE373N1,2017-06-26,D09,NA,BSL4,3
S10765LC1,sealice_microbiome,U10765,CU,DE373N1,2017-06-26,D09,NA,BSL4,4
S10842LC1,sealice_microbiome,U10842,CU,DE374N1,2017-06-28,D10,NA,BSL4,5
S10849LC1,sealice_microbiome,U10849,CU,DE374N1,2017-06-28,D10,NA,BSL4,7
S10843LC1,sealice_microbiome,U10843,CU,DE374N1,2017-06-28,D10,NA,BSL4,8
S12770LC1,sealice_microbiome,U12770,CU,JE308N1,2017-06-20,J02,NA,BSL4,9
S12767LC1,sealice_microbiome,U12767,CU,JE308N1,2017-06-20,J02,NA,BSL4,10
S11408LC1,sealice_microbiome,U11408,CU,DE381N1,2017-07-10,D09,NA,BSL4,11
S11409LC1,sealice_microbiome,U11409,CU,DE381N1,2017-07-10,D09,NA,BSL4,12
S11407LC1,sealice_microbiome,U11407,CU,DE381N1,2017-07-10,D09,NA,BSL4,13
S11404LC1,sealice_microbiome,U11404,CU,DE381N1,2017-07-10,D09,NA,BSL4,14
S11406LC1,sealice_microbiome,U11406,CU,DE381N1,2017-07-10,D09,NA,BSL4,15
S11401LL1,sealice_microbiome,U11401,CU,DE381N1,2017-07-10,D09,NA,BSL4,16
S11403LC1,sealice_microbiome,U11403,CU,DE381N1,2017-07-10,D09,NA,BSL4,17
S10282LC1,sealice_microbiome,U10282,CU,DE367N1,2017-05-29,D09,left overnight with dry ice in -20 freezer,BSL4,100
S10289LC1,sealice_microbiome,U10289,CU,DE367N1,2017-05-29,D09,left overnight with dry ice in -20 freezer,BSL4,99
S10927LC1,sealice_microbiome,U10927,CU,DE375N1,2017-07-04,D27,left overnight with dry ice in -20 freezer,BSL4,98
S10929LC1,sealice_microbiome,U10929,CU,DE375N1,2017-07-04,D27,left overnight with dry ice in -20 freezer,BSL4,97
S10922LC1,sealice_microbiome,U10928,CU,DE375N1,2017-07-04,D27,left overnight with dry ice in -20 freezer,BSL4,95
S10924LC1,sealice_microbiome,U10922,CU,DE375N1,2017-07-04,D27,left overnight with dry ice in -20 freezer,BSL4,94
S13088LC1,sealice_microbiome,U13088,CU,JE312N1,2017-07-07,J03,NA,BSL4,18
S13090LC1,sealice_microbiome,U13090,CU,JE312N1,2017-07-07,J03,NA,BSL4,19
S13087LC1,sealice_microbiome,U13087,CU,JE312N1,2017-07-07,J03,NA,BSL4,20
S13081LC1,sealice_microbiome,U13081,CU,JE312N1,2017-07-07,J03,NA,BSL4,21
S13083LC1,sealice_microbiome,U13083,CU,JE312N1,2017-07-07,J03,NA,BSL4,22
S13085LC1,sealice_microbiome,U13085,CU,JE312N1,2017-07-07,J03,NA,BSL4,23
S13249LC1,sealice_microbiome,U13249,CU,JE314N1,2017-07-06,J09,NA,BSL4,24
S13247LC1,sealice_microbiome,U13247,CU,JE314N1,2017-07-06,J09,NA,BSL4,25
S13243LC1,sealice_microbiome,U13243,CU,JE314N1,2017-07-06,J09,NA,BSL4,27
S13246LC1,sealice_microbiome,U13246,CU,JE314N1,2017-07-06,J09,NA,BSL4,28
S10361LC1,sealice_microbiome,U10361,CU,DE368N1,2017-05-31,D29,NA,BSL4,93
S10363LC1,sealice_microbiome,U10363,CU,DE368N1,2017-05-31,D29,NA,BSL4,92
S10443LL1,sealice_microbiome,U10443,CU,DE369N1,2017-06-01,D29,lep urosome broken unk gender/reproductive status,BSL4,29
S11248LC1,sealice_microbiome,U11248,CU,DE379N1,2017-07-04,D22,left overnight with dry ice in -20 freezer,BSL4,90
S11244LC1,sealice_microbiome,U11244,CU,DE379N1,2017-07-04,D22,left overnight with dry ice in -20 freezer,BSL4,88
S11243LC1,sealice_microbiome,U11243,CU,DE379N1,2017-07-04,D22,left overnight with dry ice in -20 freezer,BSL4,87
S12847LC1,sealice_microbiome,U12847,CU,JE309N1,2017-06-21,J09,"urosome broken, difficult to ID life stage but gender is certain",BSL4,30
S11003LL1,sealice_microbiome,U11003,CU,DE376N1,2017-06-13,D27,left overnight with dry ice in -20 freezer,BSL4,85
S11330LC1,sealice_microbiome,U11330,CU,DE380N1,2017-07-05,D09,left overnight with dry ice in -20 freezer,BSL4,84
S11328LC1,sealice_microbiome,U11328,CU,DE380N1,2017-07-05,D09,left overnight with dry ice in -20 freezer,BSL4,83
S11324LC1,sealice_microbiome,U11324,CU,DE380N1,2017-07-05,D09,left overnight with dry ice in -20 freezer,BSL4,82
S11325LC1,sealice_microbiome,U11325,CU,DE380N1,2017-07-05,D09,left overnight with dry ice in -20 freezer,BSL4,81
S11329LC1,sealice_microbiome,U11329,CU,DE380N1,2017-07-05,D09,left overnight with dry ice in -20 freezer,BSL4,80
S12772LC1,sealice_microbiome,U12772,CO,JE308N1,2017-06-20,J02,left overnight with dry ice in -20 freezer,BSL4,79
S12932LC1,sealice_microbiome,U12932,CO,JE310N1,2017-06-27,J09,broken urosome,BSL4,31
S12931LC1,sealice_microbiome,U12931,CO,JE310N1,2017-06-27,J09,NA,BSL4,32
S13251LC1,sealice_microbiome,U13251,CO,JE314N1,2017-07-06,J09,NA,BSL4,33
S13252LC1,sealice_microbiome,U13252,CO,JE314N1,2017-07-06,J09,NA,BSL4,34
S10211LC1,sealice_microbiome,U10211,CO,DE366N1,2017-05-26,D34,left overnight with dry ice in -20 freezer,BSL4,77
S10211LL1,sealice_microbiome,U10211,CO,DE366N1,2017-05-26,D34,left overnight with dry ice in -20 freezer,BSL4,78
S10911LC1,sealice_microbiome,U10911,PI,DE375N1,2017-07-04,D27,left overnight with dry ice in -20 freezer,BSL4,75
S10916LC1,sealice_microbiome,U10916,PI,DE375N1,2017-07-04,D27,NA,BSL4,74
S10913LC1,sealice_microbiome,U10913,PI,DE375N1,2017-07-04,D27,NA,BSL4,72
S10913LL1,sealice_microbiome,U10913,PI,DE375N1,2017-07-04,D27,NA,BSL4,73
S10912LC1,sealice_microbiome,U10912,PI,DE375N1,2017-07-04,D27,NA,BSL4,71
S10917LC1,sealice_microbiome,U10917,PI,DE375N1,2017-07-04,D27,NA,BSL4,69
S10917LL1,sealice_microbiome,U10917,PI,DE375N1,2017-07-04,D27,NA,BSL4,70
S12911LC1,sealice_microbiome,U12911,PI,JE310N1,2017-06-27,J09,NA,BSL4,68
S12912LC1,sealice_microbiome,U12912,PI,JE310N1,2017-06-27,J09,NA,BSL4,67
S12913LC1,sealice_microbiome,U12913,PI,JE310N1,2017-06-27,J09,NA,BSL4,65
S13238LC1,sealice_microbiome,U13238,PI,JE314N1,2017-07-06,J09,NA,BSL4,64
S13234LC1,sealice_microbiome,U13234,PI,JE314N1,2017-07-06,J09,NA,BSL4,63
S13231LC1,sealice_microbiome,U13231,PI,JE314N1,2017-07-06,J09,NA,BSL4,62
S13237LC1,sealice_microbiome,U13237,PI,JE314N1,2017-07-06,J09,NA,BSL4,61
S13232LC1,sealice_microbiome,U13232,PI,JE314N1,2017-07-06,J09,NA,BSL4,60
S13074LC1,sealice_microbiome,U13074,PI,JE312N1,2017-07-07,J03,NA,BSL4,35
S13073LC1,sealice_microbiome,U13073,PI,JE312N1,2017-07-07,J03,NA,BSL4,37
S13071LC1,sealice_microbiome,U13071,PI,JE312N1,2017-07-07,J03,NA,BSL4,38
S13076LC1,sealice_microbiome,U13076,PI,JE312N1,2017-07-07,J03,NA,BSL4,39
S13240LC1,sealice_microbiome,U13240,PI,JE314N1,2017-07-06,J09,left in -20 overnight with lots of dry ice,BSL5,1
S13236LC1,sealice_microbiome,U13236,PI,JE314N1,2017-07-06,J09,left in -20 overnight with lots of dry ice,BSL5,2
S13233LC1,sealice_microbiome,U13233,PI,JE314N1,2017-07-06,J09,left in -20 overnight with lots of dry ice,BSL5,3
S12709LC1,sealice_microbiome,U12709,HE,JE307N1,2017-06-14,J03,NA,BSL4,40
S12701LC1,sealice_microbiome,U12701,HE,JE307N1,2017-06-14,J03,NA,BSL4,41
S12710LC1,sealice_microbiome,U12710,HE,JE307N1,2017-06-14,J03,NA,BSL4,42
S12704LC1,sealice_microbiome,U12704,HE,JE307N1,2017-06-14,J03,NA,BSL4,43
S12706LC1,sealice_microbiome,U12706,HE,JE307N1,2017-06-14,J03,NA,BSL4,44
S12707LC1,sealice_microbiome,U12707,HE,JE307N1,2017-06-14,J03,NA,BSL4,45
S12787LC1,sealice_microbiome,U12787,HE,JE308N1,2017-06-20,J02,left in -20 overnight with lots of dry ice,BSL5,4
S12788LC1,sealice_microbiome,U12788,HE,JE308N1,2017-06-20,J02,left in -20 overnight with lots of dry ice,BSL5,5
S12782LC1,sealice_microbiome,U12782,HE,JE308N1,2017-06-20,J02,NA,BSL5,7
S12786LC1,sealice_microbiome,U12786,HE,JE308N1,2017-06-20,J02,NA,BSL5,8
S12862LC1,sealice_microbiome,U12862,HE,JE309N1,2017-06-21,J09,NA,BSL5,9
S12861LC1,sealice_microbiome,U12861,HE,JE309N1,2017-06-21,J09,NA,BSL5,10
S13023LC1,sealice_microbiome,U13023,HE,JE311N5,2017-06-28,J02,NA,BSL5,11
S12941LC1,sealice_microbiome,U12941,HE,JE310N1,2017-06-27,J09,NA,BSL5,12
S14004LC1,sealice_microbiome,U14004,CK,DE375N1,2017-07-04,D27,NA,BSL4,49
S14041LC1,sealice_microbiome,U14041,CK,JE311N5,2017-06-28,J02,NA,BSL4,48
S14001LC1,sealice_microbiome,U14001,CK,DE368N1,2017-05-31,D29,NA,BSL4,47
S13110LC1,sealice_microbiome,U13110,HE,JE312N1,2017-07-07,J03,NA,BSL5,100
S13105LC1,sealice_microbiome,U13105,HE,JE312N1,2017-07-07,J03,NA,BSL5,99
S13104LC1,sealice_microbiome,U13104,HE,JE312N1,2017-07-07,J03,NA,BSL5,98
S13106LC1,sealice_microbiome,U13106,HE,JE312N1,2017-07-07,J03,NA,BSL5,97
S13107LC1,sealice_microbiome,U13107,HE,JE312N1,2017-07-07,J03,NA,BSL5,95
S13109LC1,sealice_microbiome,U13109,HE,JE312N1,2017-07-07,J03,NA,BSL5,94
S13103LC1,sealice_microbiome,U13103,HE,JE312N1,2017-07-07,J03,NA,BSL5,93
S10543LC1,sealice_microbiome,U10543,HE,DE370N1,2017-06-05,D27,NA,BSL5,92
S10942LC1,sealice_microbiome,U10942,HE,DE375N1,2017-07-04,D27,NA,BSL5,91
S11022LC1,sealice_microbiome,U11022,HE,DE376N1,2017-06-13,D27,NA,BSL5,90
S11021LC1,sealice_microbiome,U11021,HE,DE376N1,2017-06-13,D27,NA,BSL5,89
S11023LC1,sealice_microbiome,U11023,HE,DE376N1,2017-06-13,D27,NA,BSL5,88
S16562LC1,sealice_microbiome,U16562,SO,JE415N2,2018-06-12,J02,NA,BSL5,87
S5474SL1,sealice_microbiome,U5474,PI,JE173N1,2015-06-14,J07,NA,BSL5,85
S5475SL1,sealice_microbiome,U5475,PI,JE173N1,2015-06-14,J07,NA,BSL5,84
S5477SL1,sealice_microbiome,U5477,PI,JE173N1,2015-06-14,J07,NA,BSL5,83
S5478SL1,sealice_microbiome,U5478,PI,JE152N1,2015-06-06,J07,NA,BSL5,82
S17092LL1,sealice_microbiome,U17092,SO,DE521N1,2018-06-05,D27,NA,BSL2,47
S16014LL1,sealice_microbiome,U16014,SO,DE521N1,2018-06-05,D27,bottom half of louse only,BSL2,54
S16017LL1,sealice_microbiome,U16017,SO,DE521N1,2018-06-05,D27,NA,BSL2,56
S17096LL1,sealice_microbiome,U17096,SO,DE521N1,2018-06-05,D27,NA,BSL2,49
S17094LL1,sealice_microbiome,U17094,SO,DE521N1,2018-06-05,D27,NA,BSL2,52
S17041LL1,sealice_microbiome,U17041,SO,DE534N2,2018-06-26,D27,NA,BSL2,58
S17326SL1,sealice_microbiome,U17326,CU,DE525N1,2018-06-12,D22,NA,BSL2,60
S17381SL1,sealice_microbiome,U17381,CU,DE534N2,2018-06-26,D27,NA,BSL2,61
S17389SL1,sealice_microbiome,U17389,CU,DE534N2,2018-06-26,D27,NA,BSL2,63
S17117SL1,sealice_microbiome,U17117,CU,DE521N1,2018-06-05,D27,NA,BSL2,65
S17111SL1,sealice_microbiome,U17111,CU,DE521N1,2018-06-05,D27,NA,BSL2,67
S17118SL1,sealice_microbiome,U17118,CU,DE521N1,2018-06-05,D27,NA,BSL2,69
S17011SL1,sealice_microbiome,U17011,CU,DE538N2,2018-07-04,D27,NA,BSL2,72
S16281SL1,sealice_microbiome,U16281,PI,DE519N1,2018-05-29,D27,louse was put in ethanol first by accident,BSL2,74
S17102SL1,sealice_microbiome,U17102,PI,DE521N1,2018-06-05,D27,NA,BSL2,76
S17107SL1,sealice_microbiome,U17107,PI,DE521N1,2018-06-05,D27,NA,BSL2,78
S17106SL1,sealice_microbiome,U17106,PI,DE521N1,2018-06-05,D27,NA,BSL2,80
S17110SL1,sealice_microbiome,U17110,PI,DE521N1,2018-06-05,D27,NA,BSL2,81
S17189SL1,sealice_microbiome,U17189,PI,DE534N2,2018-06-26,D27,NA,BSL2,83
S17186SL1,sealice_microbiome,U17186,PI,DE534N2,2018-06-26,D27,NA,BSL2,85
S17182SL1,sealice_microbiome,U17182,PI,DE534N2,2018-06-26,D27,NA,BSL2,87
S17183SL1,sealice_microbiome,U17183,PI,DE534N2,2018-06-26,D27,NA,BSL2,89
S17480SL1,sealice_microbiome,U17480,PI,DE525N1,2018-06-12,D22,NA,BSL2,92
S17472SL1,sealice_microbiome,U17472,PI,DE525N1,2018-06-12,D22,NA,BSL2,94
S17475SL1,sealice_microbiome,U17475,PI,DE525N1,2018-06-12,D22,NA,BSL2,96
S17495SL1,sealice_microbiome,U17495,PI,DE538N2,2018-07-04,D27,NA,BSL2,98
S22045SL1,sealice_microbiome,U22045,SO,JE514N1,2019-06-06,J11,NA,BSL5,13
S22044SL1,sealice_microbiome,U22044,SO,JE514N1,2019-06-06,J11,NA,BSL5,14
S22041SL1,sealice_microbiome,U22041,SO,JE514N1,2019-06-06,J11,NA,BSL5,15
S22047SL1,sealice_microbiome,U22047,SO,JE514N1,2019-06-06,J11,NA,BSL5,18
S22050SL1,sealice_microbiome,U22050,SO,JE514N1,2019-06-06,J11,NA,BSL5,19
S22048SL1,sealice_microbiome,U22048,SO,JE514N1,2019-06-06,J11,NA,BSL5,20
S22043SL1,sealice_microbiome,U22043,SO,JE514N1,2019-06-06,J11,NA,BSL5,21
S22046SL1,sealice_microbiome,U22046,SO,JE514N1,2019-06-06,J11,NA,BSL5,24
S22049SL1,sealice_microbiome,U22049,SO,JE514N1,2019-06-06,J11,NA,BSL5,27
S22012SL1,sealice_microbiome,U22012,SO,JE511N1,2019-06-05,J11,NA,BSL5,32
S20585SL1,sealice_microbiome,U20585,SO,DE628N3,2019-06-10,D09,NA,BSL5,23
S20586SL1,sealice_microbiome,U20586,SO,DE628N3,2019-06-10,D09,NA,BSL5,25
S20587SL1,sealice_microbiome,U20587,SO,DE628N3,2019-06-10,D09,NA,BSL5,28
S20588SL1,sealice_microbiome,U20588,SO,DE628N3,2019-06-10,D09,NA,BSL5,31
S20590SL1,sealice_microbiome,U20590,SO,DE628N3,2019-06-10,D09,NA,BSL5,33
S21641SL1,sealice_microbiome,U21641,SO,DE630N1,2019-06-11,D22,NA,BSL5,34
S21644SL1,sealice_microbiome,U21644,SO,DE630N1,2019-06-11,D22,NA,BSL5,35
S21645SL1,sealice_microbiome,U21645,SO,DE630N1,2019-06-11,D22,NA,BSL5,37
S21646SL1,sealice_microbiome,U21646,SO,DE630N1,2019-06-11,D22,NA,BSL5,38
S22011SL1,sealice_microbiome,U22011,SO,JE511N1,2019-06-05,J11,Samples left in -20 for 5 days,BSL5,39
S22014SL1,sealice_microbiome,U22014,SO,JE511N1,2019-06-05,J11,Samples left in -20 for 5 days,BSL5,40
S22017SL1,sealice_microbiome,U22017,SO,JE511N1,2019-06-05,J11,Samples left in -20 for 5 days,BSL5,41
S22016SL1,sealice_microbiome,U22016,SO,JE511N1,2019-06-05,J11,Samples left in -20 for 5 days,BSL5,42
S22018SL1,sealice_microbiome,U22018,SO,JE511N1,2019-06-05,J11,Samples left in -20 for 5 days,BSL5,43
S22108SL1,sealice_microbiome,U22108,SO,JE517N1,2019-06-10,J11,NA,BSL5,47
S22109SL1,sealice_microbiome,U22109,SO,JE517N1,2019-06-10,J11,NA,BSL5,49
S22110SL1,sealice_microbiome,U22110,SO,JE517N1,2019-06-10,J11,NA,BSL5,61
S22101SL1,sealice_microbiome,U22101,SO,JE517N1,2019-06-10,J11,NA,BSL5,62
S22103SL1,sealice_microbiome,U22103,SO,JE517N1,2019-06-10,J11,NA,BSL5,64
S22105SL1,sealice_microbiome,U22105,SO,JE517N1,2019-06-10,J11,NA,BSL5,65
S22106SL1,sealice_microbiome,U22106,SO,JE517N1,2019-06-10,J11,NA,BSL5,70
S22102SL1,sealice_microbiome,U22102,SO,JE517N1,2019-06-10,J11,NA,BSL5,71
S20591SL1,sealice_microbiome,U20591,SO,DE628N3,2019-06-10,D09,NA,BSL5,77
S20595SL1,sealice_microbiome,U20595,SO,DE628N3,2019-06-10,D09,NA,BSL5,79
S20592SL1,sealice_microbiome,U20592,SO,DE628N3,2019-06-10,D09,NA,BSL2,100
S20887SL1,sealice_microbiome,U20887,SO,DE630N1,2019-06-11,D22,NA,BSL5,67
S22095SL1,sealice_microbiome,U22095,SO,JE517N1,2019-06-10,J11,NA,BSL5,72
S22092SL1,sealice_microbiome,U22092,SO,JE517N1,2019-06-10,J11,NA,BSL5,73
S22098SL1,sealice_microbiome,U22098,SO,JE517N1,2019-06-10,J11,NA,BSL5,75
S22097SL1,sealice_microbiome,U22097,SO,JE517N1,2019-06-10,J11,NA,BSL5,78
S22093SL1,sealice_microbiome,U22093,SO,JE517N1,2019-06-10,J11,NA,BSL5,80
S22091SL1,sealice_microbiome,U22091,SO,JE517N1,2019-06-10,J11,NA,BSL5,74
S20505SL1,sealice_microbiome,U20505,SO,DE627N1,2019-06-06,D10,NA,BSL9,1.A
S20506SL1,sealice_microbiome,U20506,SO,DE627N1,2019-06-06,D10,NA,BSL9,3.A
S20502SL1,sealice_microbiome,U20502,SO,DE627N1,2019-06-06,D10,NA,BSL9,5.A
S20541SL1,sealice_microbiome,U20541,SO,DE627N1,2019-06-06,D10,NA,BSL9,9.A
S20545SL1,sealice_microbiome,U20545,SO,DE627N1,2019-06-06,D10,NA,BSL9,3.B
S20542SL1,sealice_microbiome,U20542,SO,DE627N1,2019-06-06,D10,NA,BSL9,5.B
S21663SL1,sealice_microbiome,U21663,SO,DE631N1,2019-06-12,D10,NA,BSL5,48
S21664SL1,sealice_microbiome,U21664,SO,DE631N1,2019-06-12,D10,NA,BSL5,50
S21665SL1,sealice_microbiome,U21665,SO,DE631N1,2019-06-12,D10,NA,BSL5,63
S21666SL1,sealice_microbiome,U21666,SO,DE631N1,2019-06-12,D10,Louse in pieces,BSL5,68
S21670SL1,sealice_microbiome,U21670,SO,DE631N1,2019-06-12,D10,NA,BSL9,2.A
S22053SL1,sealice_microbiome,U22053,SO,JE514N1,2019-06-06,J11,NA,BSL9,4.A
S22054SL1,sealice_microbiome,U22054,SO,JE514N1,2019-06-06,J11,Loose louse on fish label - discarded because not sure of source,BSL9,6.A
S22059SL1,sealice_microbiome,U22059,SO,JE514N1,2019-06-06,J11,NA,BSL9,7.A
S22051SL1,sealice_microbiome,U22051,SO,JE514N1,2019-06-06,J11,NA,BSL9,8.A
S22060SL1,sealice_microbiome,U22060,SO,JE514N1,2019-06-06,J11,NA,BSL9,1.B
S22057SL1,sealice_microbiome,U22057,SO,JE514N1,2019-06-06,J11,NA,BSL9,2.B
S22058SL1,sealice_microbiome,U22058,SO,JE514N1,2019-06-06,J11,NA,BSL9,4.B
S22056SL1,sealice_microbiome,U22056,SO,JE514N1,2019-06-06,J11,NA,BSL9,6.B
S22052SL1,sealice_microbiome,U22052,SO,JE514N1,2019-06-06,J11,NA,BSL9,7.B
S22055SL1,sealice_microbiome,U22055,SO,JE514N1,2019-06-06,J11,NA,BSL9,8.B
S21081SL1,sealice_microbiome,U21081,SO,DE634N1,2019-06-20,D35,NA,BSL9,9.B
S21082SL1,sealice_microbiome,U21082,SO,DE634N1,2019-06-20,D35,NA,BSL9,1.C
S21681SL1,sealice_microbiome,U21681,SO,DE631N1,2019-06-12,D10,NA,BSL9,2.C
S20921SL1,sealice_microbiome,U20921,SO,DE636N2,2019-06-24,D09,NA,BSL9,3.C
S22079SL1,sealice_microbiome,U22079,SO,JE517N1,2019-06-10,J11,NA,BSL5,17
S22071SL1,sealice_microbiome,U22071,SO,JE517N1,2019-06-10,J11,NA,BSL5,22
S22076SL1,sealice_microbiome,U22076,SO,JE517N1,2019-06-10,J11,NA,BSL5,29
S22072SL1,sealice_microbiome,U22072,SO,JE517N1,2019-06-10,J11,NA,BSL5,30
S22073SL1,sealice_microbiome,U22073,SO,JE517N1,2019-06-10,J11,NA,BSL5,45
S20566SL1,sealice_microbiome,U20566,SO,DE628N3,2019-06-10,D09,half a louse,BSL5,69
S20543SL1,sealice_microbiome,U20543,SO,DE627N1,2019-06-06,D10,NA,BSL9,4.C
S20548SL1,sealice_microbiome,U20548,SO,DE627N1,2019-06-06,D10,NA,BSL9,5.C
S20547SL1,sealice_microbiome,U20547,SO,DE627N1,2019-06-06,D10,NA,BSL9,7.C
S22038SL1,sealice_microbiome,U22038,SO,JE514N1,2019-06-06,J11,NA,BSL9,8.C
S22033SL1,sealice_microbiome,U22033,SO,JE514N1,2019-06-06,J11,NA,BSL9,1.D
S22031SL1,sealice_microbiome,U22031,SO,JE514N1,2019-06-06,J11,NA,BSL9,3.D
S22036SL1,sealice_microbiome,U22036,SO,JE514N1,2019-06-06,J11,NA,BSL9,4.D
S22039SL1,sealice_microbiome,U22039,SO,JE514N1,2019-06-06,J11,NA,BSL9,5.D
S22040SL1,sealice_microbiome,U22040,SO,JE514N1,2019-06-06,J11,NA,BSL9,6.D
S22065SL1,sealice_microbiome,U22065,SO,JE515N1,2019-06-06,J02,NA,BSL9,6.E
S22067SL1,sealice_microbiome,U22067,SO,JE515N1,2019-06-06,J02,NA,BSL9,8.E
S22062SL1,sealice_microbiome,U22062,SO,JE515N1,2019-06-06,J02,NA,BSL9,2.F
S22160SL1,sealice_microbiome,U22160,SO,JE518N1,2019-06-11,J03,NA,BSL9,8.D
S22152SL1,sealice_microbiome,U22152,SO,JE518N1,2019-06-11,J03,NA,BSL9,9.D
S22158SL1,sealice_microbiome,U22158,SO,JE518N1,2019-06-11,J03,NA,BSL9,1.E
S22151SL1,sealice_microbiome,U22151,SO,JE518N1,2019-06-11,J03,NA,BSL9,4.E
S22157SL1,sealice_microbiome,U22157,SO,JE518N1,2019-06-11,J03,NA,BSL9,5.E
S22156SL1,sealice_microbiome,U22156,SO,JE518N1,2019-06-11,J03,NA,BSL9,7.E
S22155SL1,sealice_microbiome,U22155,SO,JE518N1,2019-06-11,J03,NA,BSL9,9.E
S22153SL1,sealice_microbiome,U22153,SO,JE518N1,2019-06-11,J03,NA,BSL9,3.F
S22122SL1,sealice_microbiome,U22122,SO,JE518N1,2019-06-11,J03,NA,BSL9,2.E
S22124SL1,sealice_microbiome,U22124,SO,JE518N1,2019-06-11,J03,NA,BSL9,3.E
S22126SL1,sealice_microbiome,U22126,SO,JE518N1,2019-06-11,J03,NA,BSL9,1.F
S22127SL1,sealice_microbiome,U22127,SO,JE518N1,2019-06-11,J03,NA,BSL9,4.F
S22129SL1,sealice_microbiome,U22129,SO,JE518N1,2019-06-11,J03,NA,BSL9,5.F
S22241SL1,sealice_microbiome,U22241,SO,JE516N1,2019-06-09,J03,NA,BSL9,7.F
S22242SL1,sealice_microbiome,U22242,SO,JE516N1,2019-06-09,J03,NA,BSL9,5.G
S22244SL1,sealice_microbiome,U22244,SO,JE516N1,2019-06-09,J03,NA,BSL9,7.G
S21102SL1,sealice_microbiome,U21102,SO,DE639N2,2019-06-25,D22,NA,BSL9,6.C
S21103SL1,sealice_microbiome,U21103,SO,DE639N2,2019-06-25,D22,NA,BSL9,9.C
S21104SL1,sealice_microbiome,U21104,SO,DE639N2,2019-06-25,D22,NA,BSL9,2.D
S22159SL1,sealice_microbiome,U22159,SO,JE518N1,2019-06-11,J03,NA,BSL9,7.D
S22142SL1,sealice_microbiome,U22142,SO,JE518N1,2019-06-11,J03,NA,BSL9,6.F
S22149SL1,sealice_microbiome,U22149,SO,JE518N1,2019-06-11,J03,NA,BSL9,8.F
S22145SL1,sealice_microbiome,U22145,SO,JE518N1,2019-06-11,J03,NA,BSL9,9.F
S22148SL1,sealice_microbiome,U22148,SO,JE518N1,2019-06-11,J03,NA,BSL9,1.G
S22141SL1,sealice_microbiome,U22141,SO,JE518N1,2019-06-11,J03,NA,BSL9,2.G
S22144SL1,sealice_microbiome,U22144,SO,JE518N1,2019-06-11,J03,NA,BSL9,3.G
S22146SL1,sealice_microbiome,U22146,SO,JE518N1,2019-06-11,J03,NA,BSL9,4.G
S22143SL1,sealice_microbiome,U22143,SO,JE518N1,2019-06-11,J03,NA,BSL9,6.G
S22147SL1,sealice_microbiome,U22147,SO,JE518N1,2019-06-11,J03,NA,BSL9,8.G
S22150SL1,sealice_microbiome,U22150,SO,JE518N1,2019-06-11,J03,NA,BSL9,9.G
S20862SL1,sealice_microbiome,U20862,SO,DE632N2,2019-06-17,D09,NA,BSL9,1.H
S21033SL1,sealice_microbiome,U21033,SO,DE634N1,2019-06-20,D35,NA,BSL9,2.H
S21034SL1,sealice_microbiome,U21034,SO,DE634N1,2019-06-20,D35,NA,BSL9,4.H
S21036SL1,sealice_microbiome,U21036,SO,DE634N1,2019-06-20,D35,NA,BSL9,5.H
S21035SL1,sealice_microbiome,U21035,SO,DE634N1,2019-06-20,D35,NA,BSL9,7.H
S22207SL1,sealice_microbiome,U22207,SO,JE516N1,2019-06-09,J03,NA,BSL9,8.H
S22204SL1,sealice_microbiome,U22204,SO,JE516N1,2019-06-09,J03,NA,BSL9,9.H
S20865SL1,sealice_microbiome,U20865,SO,DE632N2,2019-06-17,D09,NA,BSL9,3.H
S20870SL1,sealice_microbiome,U20870,SO,DE632N2,2019-06-17,D09,NA,BSL9,6.H
S20864SL1,sealice_microbiome,U20864,SO,DE632N2,2019-06-17,D09,NA,BSL9,1.I
S22231SL1,sealice_microbiome,U22231,SO,JE516N1,2019-06-09,J03,NA,BSL10,2.A
S22236SL1,sealice_microbiome,U22236,SO,JE516N1,2019-06-09,J03,NA,BSL10,8.A
S22333SL1,sealice_microbiome,U22333,SO,JE522N2,2019-06-24,J11,NA,BSL10,2.B
S22200SL1,sealice_microbiome,U22200,SO,JE519N1,2019-06-16,J11,NA,BSL9,8.I
S22196SL1,sealice_microbiome,U22196,SO,JE519N1,2019-06-16,J11,NA,BSL9,9.I
S22195SL1,sealice_microbiome,U22195,SO,JE519N1,2019-06-16,J11,NA,BSL10,1.A
S22199SL1,sealice_microbiome,U22199,SO,JE519N1,2019-06-16,J11,NA,BSL10,3.A
S22198SL1,sealice_microbiome,U22198,SO,JE519N1,2019-06-16,J11,Sea louse broken,BSL10,4.A
S22197SL1,sealice_microbiome,U22197,SO,JE519N1,2019-06-16,J11,NA,BSL10,6.A
S22193SL1,sealice_microbiome,U22193,SO,JE519N1,2019-06-16,J11,NA,BSL10,7.A
S22505SL1,sealice_microbiome,U22505,SO,JE528N2,2019-07-09,J03,NA,BSL10,3.B
S22503SL1,sealice_microbiome,U22503,SO,JE528N2,2019-07-09,J03,NA,BSL10,4.B
S22203SL1,sealice_microbiome,U22203,SO,JE516N1,2019-06-09,J03,NA,BSL9,2.I
S22202SL1,sealice_microbiome,U22202,SO,JE516N1,2019-06-09,J03,NA,BSL9,3.I
S22205SL1,sealice_microbiome,U22205,SO,JE516N1,2019-06-09,J03,NA,BSL9,4.I
S22201SL1,sealice_microbiome,U22201,SO,JE516N1,2019-06-09,J03,NA,BSL9,5.I
S21210SL1,sealice_microbiome,U21210,SO,DE642N3,2019-07-02,D09,NA,BSL10,5.A
S21204SL1,sealice_microbiome,U21204,SO,DE642N3,2019-07-02,D09,NA,BSL10,9.A
S22177SL1,sealice_microbiome,U22177,SO,JE519N1,2019-06-16,J11,NA,BSL10,7.B
S22178SL1,sealice_microbiome,U22178,SO,JE519N1,2019-06-16,J11,NA,BSL10,9.B
S22173SL1,sealice_microbiome,U22173,SO,JE519N1,2019-06-16,J11,NA,BSL10,2.C
S22171SL1,sealice_microbiome,U22171,SO,JE519N1,2019-06-16,J11,NA,BSL10,4.C
S22172SL1,sealice_microbiome,U22172,SO,JE519N1,2019-06-16,J11,NA,BSL10,5.C
S22179SL1,sealice_microbiome,U22179,SO,JE519N1,2019-06-16,J11,NA,BSL10,6.C
S22180SL1,sealice_microbiome,U22180,SO,JE519N1,2019-06-16,J11,NA,BSL10,8.C
S22176SL1,sealice_microbiome,U22176,SO,JE519N1,2019-06-16,J11,NA,BSL10,9.C
S22175SL1,sealice_microbiome,U22175,SO,JE519N1,2019-06-16,J11,NA,BSL10,2.D
S20540SL1,sealice_microbiome,U20540,SO,DE627N1,2019-06-06,D10,NA,BSL10,4.D
S20539SL1,sealice_microbiome,U20539,SO,DE627N1,2019-06-06,D10,NA,BSL10,5.D
S20538SL1,sealice_microbiome,U20538,SO,DE627N1,2019-06-06,D10,NA,BSL10,6.D
S20532SL1,sealice_microbiome,U20532,SO,DE627N1,2019-06-06,D10,NA,BSL10,8.D
S20537SL1,sealice_microbiome,U20537,SO,DE627N1,2019-06-06,D10,NA,BSL10,9.D
S22259SL1,sealice_microbiome,U22259,SO,JE519N1,2019-06-16,J11,NA,BSL10,7.D
S22255SL1,sealice_microbiome,U22255,SO,JE519N1,2019-06-16,J11,NA,BSL10,1.E
S22251SL1,sealice_microbiome,U22251,SO,JE519N1,2019-06-16,J11,NA,BSL10,2.E
S22257SL1,sealice_microbiome,U22257,SO,JE519N1,2019-06-16,J11,NA,BSL10,3.E
S22254SL1,sealice_microbiome,U22254,SO,JE519N1,2019-06-16,J11,NA,BSL10,4.E
S22260SL1,sealice_microbiome,U22260,SO,JE519N1,2019-06-16,J11,NA,BSL10,5.E
S20531SL1,sealice_microbiome,U20531,SO,DE627N1,2019-06-06,D10,NA,BSL10,6.E
S21313SL1,sealice_microbiome,U21313,SO,DE646N3,2019-07-04,D35,NA,BSL10,7.E
S21311SL1,sealice_microbiome,U21311,SO,DE646N3,2019-07-04,D35,NA,BSL10,8.E
S21315SL1,sealice_microbiome,U21315,SO,DE646N3,2019-07-04,D35,NA,BSL10,9.E
S21985SL1,sealice_microbiome,U21985,SO,JE510N3,2019-05-31,J03,NA,BSL10,1.F
S21990SL1,sealice_microbiome,U21990,SO,JE510N3,2019-05-31,J03,NA,BSL10,5.F
S21861SL1,sealice_microbiome,U21861,SO,JE508N1,2019-05-29,J02,NA,BSL10,8.F
S21868SL1,sealice_microbiome,U21868,SO,JE508N1,2019-05-29,J02,NA,BSL10,1.G
S21863SL1,sealice_microbiome,U21863,SO,JE508N1,2019-05-29,J02,NA,BSL10,2.G
S21867SL1,sealice_microbiome,U21867,SO,JE508N1,2019-05-29,J02,NA,BSL10,4.G
S21839SL1,sealice_microbiome,U21839,SO,JE508N1,2019-05-29,J02,NA,BSL10,2.F
S21838SL1,sealice_microbiome,U21838,SO,JE508N1,2019-05-29,J02,NA,BSL10,3.F
S21837SL1,sealice_microbiome,U21837,SO,JE508N1,2019-05-29,J02,NA,BSL10,4.F
S21832SL1,sealice_microbiome,U21832,SO,JE508N1,2019-05-29,J02,NA,BSL10,6.F
S21831SL1,sealice_microbiome,U21831,SO,JE508N1,2019-05-29,J02,NA,BSL10,7.F
S21835SL1,sealice_microbiome,U21835,SO,JE508N1,2019-05-29,J02,NA,BSL10,9.F
S21840SL1,sealice_microbiome,U21840,SO,JE508N1,2019-05-29,J02,NA,BSL10,3.G
S21866SL1,sealice_microbiome,U21866,SO,JE508N1,2019-05-29,J02,NA,BSL10,5.G
S21869SL1,sealice_microbiome,U21869,SO,JE508N1,2019-05-29,J02,NA,BSL10,6.G
S21435SL1,sealice_microbiome,U21435,CU,DE651N1,2019-07-11,D35,NA,BSL10,7.G
S21431SL1,sealice_microbiome,U21431,CU,DE651N1,2019-07-11,D35,NA,BSL10,8.G
S21433SL1,sealice_microbiome,U21433,CU,DE651N1,2019-07-11,D35,NA,BSL10,9.G
S21440SL1,sealice_microbiome,U21440,CU,DE651N1,2019-07-11,D35,Only half of 1 louse,BSL10,1.H
S21994SL1,sealice_microbiome,U21994,SO,JE510N3,2019-05-31,J03,NA,BSL10,2.H
S21992SL1,sealice_microbiome,U21992,SO,JE510N3,2019-05-31,J03,NA,BSL10,3.H
S21995SL1,sealice_microbiome,U21995,SO,JE510N3,2019-05-31,J03,NA,BSL10,4.H
S21991SL1,sealice_microbiome,U21991,SO,JE510N3,2019-05-31,J03,NA,BSL10,5.H
S21828SL1,sealice_microbiome,U21828,SO,JE509N2,2019-05-30,J11,NA,BSL10,6.H
S21824SL1,sealice_microbiome,U21824,SO,JE509N2,2019-05-30,J11,NA,BSL10,7.H
S21823SL1,sealice_microbiome,U21823,SO,JE509N2,2019-05-30,J11,NA,BSL10,8.H
S21821SL1,sealice_microbiome,U21821,SO,JE509N2,2019-05-30,J11,NA,BSL10,9.H
S21825SL1,sealice_microbiome,U21825,SO,JE509N2,2019-05-30,J11,NA,BSL10,1.I
S21361SL1,sealice_microbiome,U21361,SO,DE647N3,2019-07-08,D09,NA,BSL10,2.I
S22341SL1,sealice_microbiome,U22341,SO,JE524N2,2019-06-28,J02,NA,BSL10,3.I
S22371SL1,sealice_microbiome,U22371,SO,JE525N2,2019-06-29,J11,NA,BSL10,4.I
S21891SL1,sealice_microbiome,U21891,SO,JE509N2,2019-05-30,J11,NA,BSL10,6.I
S21897SL1,sealice_microbiome,U21897,SO,JE509N2,2019-05-30,J11,NA,BSL10,7.I
S21896SL1,sealice_microbiome,U21896,SO,JE509N2,2019-05-30,J11,NA,BSL10,8.I
S21892SL1,sealice_microbiome,U21892,SO,JE509N2,2019-05-30,J11,NA,BSL11,2.A
S21899SL1,sealice_microbiome,U21899,SO,JE509N2,2019-05-30,J11,NA,BSL11,3.A
S21898SL1,sealice_microbiome,U21898,SO,JE509N2,2019-05-30,J11,NA,BSL11,4.A
S21894SL1,sealice_microbiome,U21894,SO,JE509N2,2019-05-30,J11,NA,BSL11,5.A
S20708SL1,sealice_microbiome,U20708,SO,DE621N2,2019-06-02,D09,NA,BSL10,5.I
S20706SL1,sealice_microbiome,U20706,SO,DE621N2,2019-06-02,D09,NA,BSL10,9.I
S20702SL1,sealice_microbiome,U20702,SO,DE621N2,2019-06-02,D09,NA,BSL11,1.A
S20709SL1,sealice_microbiome,U20709,SO,DE621N2,2019-06-02,D09,NA,BSL11,6.A
S20710SL1,sealice_microbiome,U20710,SO,DE621N2,2019-06-02,D09,Sea louse mangled,BSL11,7.A
S20704SL1,sealice_microbiome,U20704,SO,DE621N2,2019-06-02,D09,NA,BSL11,8.A
S21214SL1,sealice_microbiome,U21214,SO,DE642N3,2019-07-02,D09,NA,BSL11,9.A
S22234SL1,sealice_microbiome,U22234,SO,JE516N1,2019-06-09,J03,NA,BSL9,6.I
S22238SL1,sealice_microbiome,U22238,SO,JE516N1,2019-06-09,J03,NA,BSL9,7.I
S22298SL1,sealice_microbiome,U22298,SO,JE522N2,2019-06-24,J11,NA,BSL10,5.B
S22300SL1,sealice_microbiome,U22300,SO,JE522N2,2019-06-24,J11,NA,BSL10,6.B
S22299SL1,sealice_microbiome,U22299,SO,JE522N2,2019-06-24,J11,NA,BSL10,8.B
S22291SL1,sealice_microbiome,U22291,SO,JE522N2,2019-06-24,J11,NA,BSL10,1.C
S22293SL1,sealice_microbiome,U22293,SO,JE522N2,2019-06-24,J11,NA,BSL10,3.C
S22292SL1,sealice_microbiome,U22292,SO,JE522N2,2019-06-24,J11,NA,BSL10,7.C
S22297SL1,sealice_microbiome,U22297,SO,JE522N2,2019-06-24,J11,NA,BSL10,1.D
S22296SL1,sealice_microbiome,U22296,SO,JE522N2,2019-06-24,J11,NA,BSL10,3.D
S20712SL1,sealice_microbiome,U20712,SO,DE621N2,2019-06-02,D09,NA,BSL11,1.B
S20719SL1,sealice_microbiome,U20719,SO,DE621N2,2019-06-02,D09,NA,BSL11,2.B
S20713SL1,sealice_microbiome,U20713,SO,DE621N2,2019-06-02,D09,NA,BSL11,3.B
S20711SL1,sealice_microbiome,U20711,SO,DE621N2,2019-06-02,D09,NA,BSL11,4.B
S20717SL1,sealice_microbiome,U20717,SO,DE621N2,2019-06-02,D09,NA,BSL11,5.B
S20126SL1,sealice_microbiome,U20126,SO,DE614N3,2019-05-28,D09,NA,BSL11,7.B
S20050SL1,sealice_microbiome,U20050,SO,DE626N1,2019-06-05,D09,NA,BSL11,5.C
S20045SL1,sealice_microbiome,U20045,SO,DE626N1,2019-06-05,D09,NA,BSL11,6.C
S20049SL1,sealice_microbiome,U20049,SO,DE626N1,2019-06-05,D09,NA,BSL11,7.C
S20048SL1,sealice_microbiome,U20048,SO,DE626N1,2019-06-05,D09,NA,BSL11,8.C
S20042SL1,sealice_microbiome,U20042,SO,DE626N1,2019-06-05,D09,NA,BSL11,9.C
S20041SL1,sealice_microbiome,U20041,SO,DE626N1,2019-06-05,D09,NA,BSL11,1.D
S20047SL1,sealice_microbiome,U20047,SO,DE626N1,2019-06-05,D09,NA,BSL11,2.D
S20046SL1,sealice_microbiome,U20046,SO,DE626N1,2019-06-05,D09,NA,BSL11,3.D
S20094SL1,sealice_microbiome,U20094,SO,DE626N1,2019-06-05,D09,NA,BSL11,4.D
S20095SL1,sealice_microbiome,U20095,SO,DE626N1,2019-06-05,D09,NA,BSL11,5.D
S21601SL1,sealice_microbiome,U21601,SO,DE626N1,2019-06-05,D09,NA,BSL11,6.B
S21609SL1,sealice_microbiome,U21609,SO,DE626N1,2019-06-05,D09,NA,BSL11,8.B
S21606SL1,sealice_microbiome,U21606,SO,DE626N1,2019-06-05,D09,NA,BSL11,9.B
S21607SL1,sealice_microbiome,U21607,SO,DE626N1,2019-06-05,D09,NA,BSL11,1.C
S20139SL1,sealice_microbiome,U20139,SO,DE614N3,2019-05-28,D09,NA,BSL11,4.E
S20140SL1,sealice_microbiome,U20140,SO,DE614N3,2019-05-28,D09,NA,BSL11,5.E
S20135SL1,sealice_microbiome,U20135,SO,DE614N3,2019-05-28,D09,NA,BSL11,9.E
S20136SL1,sealice_microbiome,U20136,SO,DE614N3,2019-05-28,D09,NA,BSL11,1.F
S20091SL1,sealice_microbiome,U20091,SO,DE626N1,2019-06-05,D09,NA,BSL11,7.D
S20092SL1,sealice_microbiome,U20092,SO,DE626N1,2019-06-05,D09,NA,BSL11,9.D
S20097SL1,sealice_microbiome,U20097,SO,DE626N1,2019-06-05,D09,NA,BSL11,2.E
S20099SL1,sealice_microbiome,U20099,SO,DE626N1,2019-06-05,D09,NA,BSL11,3.E
S20096SL1,sealice_microbiome,U20096,SO,DE626N1,2019-06-05,D09,NA,BSL11,6.E
S20106SL1,sealice_microbiome,U20106,SO,DE614N3,2019-05-28,D09,NA,BSL11,7.E
S20107SL1,sealice_microbiome,U20107,SO,DE614N3,2019-05-28,D09,NA,BSL11,8.E
S20121SL1,sealice_microbiome,U20121,SO,DE614N3,2019-05-28,D09,NA,BSL11,6.D
S20127SL1,sealice_microbiome,U20127,SO,DE614N3,2019-05-28,D09,NA,BSL11,8.D
S20128SL1,sealice_microbiome,U20128,SO,DE614N3,2019-05-28,D09,NA,BSL11,1.E
S20103SL1,sealice_microbiome,U20103,SO,DE614N3,2019-05-28,D09,NA,BSL11,2.F
S20109SL1,sealice_microbiome,U20109,SO,DE614N3,2019-05-28,D09,NA,BSL11,3.F
S20350SL1,sealice_microbiome,U20350,SO,DE610N1,2019-05-25,D09,NA,BSL11,4.F
S20347SL1,sealice_microbiome,U20347,SO,DE610N1,2019-05-25,D09,NA,BSL11,5.F
S20341SL1,sealice_microbiome,U20341,SO,DE610N1,2019-05-25,D09,NA,BSL11,6.F
S20342SL1,sealice_microbiome,U20342,SO,DE610N1,2019-05-25,D09,NA,BSL11,7.F
S22556SL1,sealice_microbiome,U22556,CU,JE529N3,2019-07-11,J11,NA,BSL11,8.F
S22558SL1,sealice_microbiome,U22558,CU,JE529N3,2019-07-11,J11,NA,BSL11,9.F
S22553SL1,sealice_microbiome,U22553,CU,JE529N3,2019-07-11,J11,NA,BSL11,1.G
S22551SL1,sealice_microbiome,U22551,CU,JE529N3,2019-07-11,J11,NA,BSL11,2.G
S22552SL1,sealice_microbiome,U22552,CU,JE529N3,2019-07-11,J11,NA,BSL11,3.G
S22559SL1,sealice_microbiome,U22559,CU,JE529N3,2019-07-11,J11,NA,BSL11,4.G
S22560SL1,sealice_microbiome,U22560,CU,JE529N3,2019-07-11,J11,NA,BSL11,5.G
S22557SL1,sealice_microbiome,U22557,CU,JE529N3,2019-07-11,J11,NA,BSL11,6.G
S22555SL1,sealice_microbiome,U22555,CU,JE529N3,2019-07-11,J11,NA,BSL11,7.G
S20236SL1,sealice_microbiome,U20236,SO,DE607N1,2019-05-21,D09,NA,BSL11,3.H
S20233SL1,sealice_microbiome,U20233,SO,DE607N1,2019-05-21,D09,NA,BSL11,6.H
S20745SL1,sealice_microbiome,U20745,SO,DE621N2,2019-06-02,D09,NA,BSL11,8.G
S20743SL1,sealice_microbiome,U20743,SO,DE621N2,2019-06-02,D09,NA,BSL11,9.G
S20744SL1,sealice_microbiome,U20744,SO,DE621N2,2019-06-02,D09,NA,BSL11,1.H
S20749SL1,sealice_microbiome,U20749,SO,DE621N2,2019-06-02,D09,NA,BSL11,2.H
S20746SL1,sealice_microbiome,U20746,SO,DE621N2,2019-06-02,D09,NA,BSL11,4.H
S20742SL1,sealice_microbiome,U20742,SO,DE621N2,2019-06-02,D09,NA,BSL11,5.H
S20747SL1,sealice_microbiome,U20747,SO,DE621N2,2019-06-02,D09,NA,BSL11,7.H
S20748SL1,sealice_microbiome,U20748,SO,DE621N2,2019-06-02,D09,NA,BSL11,8.H
S20741SL1,sealice_microbiome,U20741,SO,DE621N2,2019-06-02,D09,NA,BSL11,9.H
S20228SL1,sealice_microbiome,U20228,SO,DE607N1,2019-05-21,D09,NA,BSL11,1.I
S20225SL1,sealice_microbiome,U20225,SO,DE607N1,2019-05-21,D09,NA,BSL11,4.I
S20208SL1,sealice_microbiome,U20208,SO,DE607N1,2019-05-21,D09,NA,BSL11,7.I
S20206SL1,sealice_microbiome,U20206,SO,DE607N1,2019-05-21,D09,NA,BSL11,8.I
S20207SL1,sealice_microbiome,U20207,SO,DE607N1,2019-05-21,D09,NA,BSL11,9.I
S20204SL1,sealice_microbiome,U20204,SO,DE607N1,2019-05-21,D09,NA,BSL12,1.A
S20336SL1,sealice_microbiome,U20336,SO,DE610N1,2019-05-25,D09,NA,BSL11,2.I
S20333SL1,sealice_microbiome,U20333,SO,DE610N1,2019-05-25,D09,NA,BSL11,3.I
S20331SL1,sealice_microbiome,U20331,SO,DE610N1,2019-05-25,D09,NA,BSL11,5.I
S20340SL1,sealice_microbiome,U20340,SO,DE610N1,2019-05-25,D09,NA,BSL11,6.I
S20335SL1,sealice_microbiome,U20335,SO,DE610N1,2019-05-25,D09,NA,BSL12,2.A
S20334SL1,sealice_microbiome,U20334,SO,DE610N1,2019-05-25,D09,NA,BSL12,3.A
S20222SL1,sealice_microbiome,U20222,SO,DE607N1,2019-05-21,D09,NA,BSL12,6.A
S20226SL1,sealice_microbiome,U20226,SO,DE607N1,2019-05-21,D09,NA,BSL12,7.A
S20330SL1,sealice_microbiome,U20330,SO,DE610N1,2019-05-25,D09,NA,BSL12,4.A
S20324SL1,sealice_microbiome,U20324,SO,DE610N1,2019-05-25,D09,NA,BSL12,5.A
S21857SL1,sealice_microbiome,U21857,SO,JE508N1,2019-05-29,J02,NA,BSL12,8.A
S21860SL1,sealice_microbiome,U21860,SO,JE508N1,2019-05-29,J02,NA,BSL12,9.A
S21851SL1,sealice_microbiome,U21851,SO,JE508N1,2019-05-29,J02,NA,BSL12,1.B
S21856SL1,sealice_microbiome,U21856,SO,JE508N1,2019-05-29,J02,NA,BSL12,2.B
S20612SL1,sealice_microbiome,U20612,SO,DE619N2,2019-05-30,D35,NA,BSL12,3.B
S20613SL1,sealice_microbiome,U20613,SO,DE619N2,2019-05-30,D35,NA,BSL12,4.B
S20614SL1,sealice_microbiome,U20614,SO,DE619N2,2019-05-30,D35,NA,BSL12,5.B
S20619SL1,sealice_microbiome,U20619,SO,DE619N2,2019-05-30,D35,NA,BSL12,6.B
S20618SL1,sealice_microbiome,U20618,SO,DE619N2,2019-05-30,D35,NA,BSL12,7.B
S20783SL1,sealice_microbiome,U20783,SO,DE623N1,2019-06-03,D35,NA,BSL12,8.B
S20031SL1,sealice_microbiome,U20031,SO,DE624N1,2019-06-04,D27,NA,BSL12,9.B
S20779SL1,sealice_microbiome,U20779,SO,DE623N1,2019-06-03,D35,NA,BSL12,4.C
S20778SL1,sealice_microbiome,U20778,SO,DE623N1,2019-06-03,D35,NA,BSL12,5.C
S20292SL1,sealice_microbiome,U20292,SO,DE609N1,2019-05-23,D10,Sea louse mangled; urosome might be unidentifiable,BSL12,9.C
S20297SL1,sealice_microbiome,U20297,SO,DE609N1,2019-05-23,D10,NA,BSL12,1.D
S20291SL1,sealice_microbiome,U20291,SO,DE609N1,2019-05-23,D10,NA,BSL12,2.D
S20604SL1,sealice_microbiome,U20604,SO,DE619N2,2019-05-30,D35,NA,BSL12,8.C
S20283SL1,sealice_microbiome,U20283,SO,DE609N1,2019-05-23,D10,NA,BSL12,3.D
S20439SL1,sealice_microbiome,U20439,SO,DE616N1,2019-05-27,D35,NA,BSL12,1.C
S20431SL1,sealice_microbiome,U20431,SO,DE616N1,2019-05-27,D35,NA,BSL12,2.C
S20435SL1,sealice_microbiome,U20435,SO,DE616N1,2019-05-27,D35,NA,BSL12,3.C
S20642SL1,sealice_microbiome,U20642,SO,DE619N2,2019-05-30,D35,NA,BSL12,6.C
S20643SL1,sealice_microbiome,U20643,SO,DE619N2,2019-05-30,D35,NA,BSL12,7.C
S20289SL1,sealice_microbiome,U20289,SO,DE609N1,2019-05-23,D10,NA,BSL12,4.D
S20285SL1,sealice_microbiome,U20285,SO,DE609N1,2019-05-23,D10,NA,BSL12,6.D
S20287SL1,sealice_microbiome,U20287,SO,DE609N1,2019-05-23,D10,NA,BSL12,7.D
S20309SL1,sealice_microbiome,U20309,SO,DE609N1,2019-05-23,D10,NA,BSL12,9.D
S20305SL1,sealice_microbiome,U20305,SO,DE609N1,2019-05-23,D10,NA,BSL12,3.E
S20770SL1,sealice_microbiome,U20770,SO,DE623N1,2019-06-03,D35,NA,BSL12,4.E
S20762SL1,sealice_microbiome,U20762,SO,DE623N1,2019-06-03,D35,NA,BSL12,5.E
S20459SL1,sealice_microbiome,U20459,SO,DE616N1,2019-05-27,D35,NA,BSL12,5.D
S20456SL1,sealice_microbiome,U20456,SO,DE616N1,2019-05-27,D35,NA,BSL12,8.D
S20457SL1,sealice_microbiome,U20457,SO,DE616N1,2019-05-27,D35,NA,BSL12,1.E
S20454SL1,sealice_microbiome,U20454,SO,DE616N1,2019-05-27,D35,NA,BSL12,2.E
S20470SL1,sealice_microbiome,U20470,SO,DE616N1,2019-05-27,D35,NA,BSL12,6.E
S20464SL1,sealice_microbiome,U20464,SO,DE616N1,2019-05-27,D35,NA,BSL12,8.E
S21639SL1,sealice_microbiome,U21639,SO,DE630N1,2019-06-11,D22,1 louse urosome separated,BSL12,1.F
S21636SL1,sealice_microbiome,U21636,SO,DE630N1,2019-06-11,D22,NA,BSL12,3.F
S20765SL1,sealice_microbiome,U20765,SO,DE623N1,2019-06-03,D35,NA,BSL12,7.E
S20639SL1,sealice_microbiome,U20639,SO,DE619N2,2019-05-30,D35,NA,BSL12,9.E
S20401SL1,sealice_microbiome,U20401,SO,DE613N3,2019-05-26,D22,NA,BSL12,2.F
S21253SL1,sealice_microbiome,U21253,CU,DE643N1,2019-07-03,D27,NA,BSL12,3.G
S21259SL1,sealice_microbiome,U21259,CU,DE643N1,2019-07-03,D27,NA,BSL12,6.G
S21256SL1,sealice_microbiome,U21256,CU,DE643N1,2019-07-03,D27,NA,BSL12,9.G
S21260SL1,sealice_microbiome,U21260,CU,DE643N1,2019-07-03,D27,NA,BSL12,3.H
S21257SL1,sealice_microbiome,U21257,CU,DE643N1,2019-07-03,D27,NA,BSL12,7.H
S21251SL1,sealice_microbiome,U21251,CU,DE643N1,2019-07-03,D27,NA,BSL12,8.H
S21252SL1,sealice_microbiome,U21252,CU,DE643N1,2019-07-03,D27,NA,BSL12,9.H
S21309SL1,sealice_microbiome,U21309,CU,DE646N3,2019-07-04,D35,NA,BSL12,2.I
S21519SL1,sealice_microbiome,U21519,CU,DE652N1,2019-07-22,D09,NA,BSL12,1.G
S21515SL1,sealice_microbiome,U21515,CU,DE652N1,2019-07-22,D09,NA,BSL12,5.G
S21514SL1,sealice_microbiome,U21514,CU,DE652N1,2019-07-22,D09,NA,BSL12,8.G
S21518SL1,sealice_microbiome,U21518,CU,DE652N1,2019-07-22,D09,NA,BSL12,2.H
S21517SL1,sealice_microbiome,U21517,CU,DE652N1,2019-07-22,D09,NA,BSL12,4.H
S21516SL1,sealice_microbiome,U21516,CU,DE652N1,2019-07-22,D09,NA,BSL12,6.H
S21512SL1,sealice_microbiome,U21512,CU,DE652N1,2019-07-22,D09,NA,BSL12,1.I
S20997SL1,sealice_microbiome,U20997,CU,DE639N2,2019-06-25,D22,NA,BSL12,4.I
S20998SL1,sealice_microbiome,U20998,CU,DE639N2,2019-06-25,D22,NA,BSL12,5.I
S20995SL1,sealice_microbiome,U20995,CU,DE639N2,2019-06-25,D22,NA,BSL12,6.I
S21308SL1,sealice_microbiome,U21308,CU,DE646N3,2019-07-04,D35,NA,BSL12,7.I
S21305SL1,sealice_microbiome,U21305,CU,DE646N3,2019-07-04,D35,NA,BSL12,9.I
S20991SL1,sealice_microbiome,U20991,CU,DE639N2,2019-06-25,D22,NA,BSL12,8.I
S21381SL1,sealice_microbiome,U21381,CU,DE647N3,2019-07-08,D09,NA,BSL13,1.A
S21398SL1,sealice_microbiome,U21398,CU,DE648N1,2019-07-09,D27,NA,BSL13,2.A
S21346SL1,sealice_microbiome,U21346,CU,DE647N3,2019-07-08,D09,NA,BSL12,4.F
S21350SL1,sealice_microbiome,U21350,CU,DE647N3,2019-07-08,D09,NA,BSL12,5.F
S21345SL1,sealice_microbiome,U21345,CU,DE647N3,2019-07-08,D09,1 cal no urosome,BSL12,6.F
S21348SL1,sealice_microbiome,U21348,CU,DE647N3,2019-07-08,D09,NA,BSL12,7.F
S21341SL1,sealice_microbiome,U21341,CU,DE647N3,2019-07-08,D09,NA,BSL12,8.F
S21344SL1,sealice_microbiome,U21344,CU,DE647N3,2019-07-08,D09,NA,BSL12,9.F
S21342SL1,sealice_microbiome,U21342,CU,DE647N3,2019-07-08,D09,NA,BSL12,2.G
S21349SL1,sealice_microbiome,U21349,CU,DE647N3,2019-07-08,D09,NA,BSL12,4.G
S21347SL1,sealice_microbiome,U21347,CU,DE647N3,2019-07-08,D09,NA,BSL12,7.G
S21343SL1,sealice_microbiome,U21343,CU,DE647N3,2019-07-08,D09,Half of lice were broken,BSL12,1.H
S21030SL1,sealice_microbiome,U21030,CU,DE633N2,2019-06-18,D27,NA,BSL12,5.H
S21024SL1,sealice_microbiome,U21024,CU,DE633N2,2019-06-18,D27,NA,BSL12,3.I
S20845SL1,sealice_microbiome,U20845,CU,DE632N2,2019-06-17,D09,NA,BSL13,3.A
S20848SL1,sealice_microbiome,U20848,CU,DE632N2,2019-06-17,D09,NA,BSL13,4.A
S20850SL1,sealice_microbiome,U20850,CU,DE632N2,2019-06-17,D09,NA,BSL13,5.A
S20843SL1,sealice_microbiome,U20843,CU,DE632N2,2019-06-17,D09,NA,BSL13,6.A
S20842SL1,sealice_microbiome,U20842,CU,DE632N2,2019-06-17,D09,NA,BSL13,7.A
S21155SL1,sealice_microbiome,U21155,CU,DE642N2,2019-07-02,D09,NA,BSL13,8.A
S21151SL1,sealice_microbiome,U21151,CU,DE642N2,2019-07-02,D09,NA,BSL13,9.A
S21392SL1,sealice_microbiome,U21392,CU,DE648N1,2019-07-09,D27,NA,BSL13,3.B
S21391SL1,sealice_microbiome,U21391,CU,DE648N1,2019-07-09,D27,NA,BSL13,5.B
S21394SL1,sealice_microbiome,U21394,CU,DE648N1,2019-07-09,D27,NA,BSL13,8.B
S21395SL1,sealice_microbiome,U21395,CU,DE648N1,2019-07-09,D27,NA,BSL13,2.C
S21396SL1,sealice_microbiome,U21396,CU,DE648N1,2019-07-09,D27,NA,BSL13,4.C
S21400SL1,sealice_microbiome,U21400,CU,DE648N1,2019-07-09,D27,NA,BSL13,6.C
S21399SL1,sealice_microbiome,U21399,CU,DE648N1,2019-07-09,D27,NA,BSL13,8.C
S21397SL1,sealice_microbiome,U21397,CU,DE648N1,2019-07-09,D27,NA,BSL13,1.D
S21099SL1,sealice_microbiome,U21099,CU,DE636N2,2019-06-24,D09,NA,BSL13,2.B
S21092SL1,sealice_microbiome,U21092,CU,DE636N2,2019-06-24,D09,NA,BSL13,6.B
S21091SL1,sealice_microbiome,U21091,CU,DE636N2,2019-06-24,D09,NA,BSL13,9.B
S21093SL1,sealice_microbiome,U21093,CU,DE636N2,2019-06-24,D09,NA,BSL13,5.C
S21157SL1,sealice_microbiome,U21157,CU,DE642N2,2019-07-02,D09,NA,BSL13,1.B
S21156SL1,sealice_microbiome,U21156,CU,DE642N2,2019-07-02,D09,NA,BSL13,4.B
S21154SL1,sealice_microbiome,U21154,CU,DE642N2,2019-07-02,D09,NA,BSL13,7.B
S21153SL1,sealice_microbiome,U21153,CU,DE642N2,2019-07-02,D09,NA,BSL13,1.C
S21159SL1,sealice_microbiome,U21159,CU,DE642N2,2019-07-02,D09,NA,BSL13,3.C
S21158SL1,sealice_microbiome,U21158,CU,DE642N2,2019-07-02,D09,NA,BSL13,7.C
S21152SL1,sealice_microbiome,U21152,CU,DE642N2,2019-07-02,D09,NA,BSL13,9.C
S20971SL1,sealice_microbiome,U20971,CU,DE638N1,2019-06-25,D27,NA,BSL13,4.D
S20977SL1,sealice_microbiome,U20977,CU,DE638N1,2019-06-25,D27,NA,BSL13,7.D
S20978SL1,sealice_microbiome,U20978,CU,DE638N1,2019-06-25,D27,NA,BSL13,9.D
S20974SL1,sealice_microbiome,U20974,CU,DE638N1,2019-06-25,D27,NA,BSL13,1.E
S20980SL1,sealice_microbiome,U20980,CU,DE638N1,2019-06-25,D27,NA,BSL13,2.E
S20518SL1,sealice_microbiome,U20518,CU,DE627N1,2019-06-06,D10,NA,BSL13,3.E
S20517SL1,sealice_microbiome,U20517,CU,DE627N1,2019-06-06,D10,NA,BSL13,4.E
S20514SL1,sealice_microbiome,U20514,CU,DE627N1,2019-06-06,D10,NA,BSL13,5.E
S20892SL1,sealice_microbiome,U20892,CU,DE630N1,2019-06-11,D22,NA,BSL13,2.D
S20893SL1,sealice_microbiome,U20893,CU,DE630N1,2019-06-11,D22,NA,BSL13,3.D
S20894SL1,sealice_microbiome,U20894,CU,DE630N1,2019-06-11,D22,NA,BSL13,5.D
S20891SL1,sealice_microbiome,U20891,CU,DE630N1,2019-06-11,D22,NA,BSL13,6.D
S20900SL1,sealice_microbiome,U20900,CU,DE630N1,2019-06-11,D22,NA,BSL13,8.D
S21673SL1,sealice_microbiome,U21673,CU,DE631N1,2019-06-12,D10,NA,BSL13,6.E
S20577SL1,sealice_microbiome,U20577,CU,DE628N3,2019-06-10,D09,NA,BSL13,7.E
S20574SL1,sealice_microbiome,U20574,CU,DE628N3,2019-06-10,D09,NA,BSL13,8.E
S20515SL1,sealice_microbiome,U20515,CU,DE627N1,2019-06-06,D10,NA,BSL13,9.E
S20519SL1,sealice_microbiome,U20519,CU,DE627N1,2019-06-06,D10,NA,BSL13,1.F
S20578SL1,sealice_microbiome,U20578,CU,DE628N3,2019-06-10,D09,NA,BSL13,2.F
S20572SL1,sealice_microbiome,U20572,CU,DE628N3,2019-06-10,D09,NA,BSL13,3.F
S20571SL1,sealice_microbiome,U20571,CU,DE628N3,2019-06-10,D09,NA,BSL13,4.F
S20059SL1,sealice_microbiome,U20059,CU,DE626N1,2019-06-05,D09,NA,BSL13,5.F
S20051SL1,sealice_microbiome,U20051,CU,DE626N1,2019-06-05,D09,NA,BSL13,6.F
S20052SL1,sealice_microbiome,U20052,CU,DE626N1,2019-06-05,D09,NA,BSL13,7.F
S20721SL1,sealice_microbiome,U20721,CU,DE621N2,2019-06-02,D09,NA,BSL13,8.F
S21700SL1,sealice_microbiome,U21700,CU,DE629N1,2019-06-11,D27,NA,BSL13,9.F
S21697SL1,sealice_microbiome,U21697,CU,DE629N1,2019-06-11,D27,NA,BSL13,1.G
S21696SL1,sealice_microbiome,U21696,CU,DE629N1,2019-06-11,D27,NA,BSL13,2.G
S21695SL1,sealice_microbiome,U21695,CU,DE629N1,2019-06-11,D27,NA,BSL13,3.G
S20623SL1,sealice_microbiome,U20623,CU,DE619N2,2019-05-30,D35,NA,BSL13,4.G
S20015SL1,sealice_microbiome,U20015,CU,DE624N1,2019-06-04,D27,Louse might be a chalimus B,BSL13,5.G
S20019SL1,sealice_microbiome,U20019,CU,DE624N1,2019-06-04,D27,NA,BSL13,6.G
S20661SL1,sealice_microbiome,U20661,CU,DE620N1,2019-06-01,D27,NA,BSL13,7.G
S20902SL1,sealice_microbiome,U20902,CU,DE632N2,2019-06-17,D09,NA,BSL13,3.H
S20495SL1,sealice_microbiome,U20495,CU,DE614N3,2019-05-28,D09,NA,BSL13,4.H
S21291SL1,sealice_microbiome,U21291,CU,DE646N3,2019-07-04,D35,NA,BSL13,8.G
S21371SL1,sealice_microbiome,U21371,CU,DE647N3,2019-07-08,D09,NA,BSL13,9.G
S20371SL1,sealice_microbiome,U20371,SO,DE612N1,2019-05-26,D27,NA,BSL13,1.H
S20211SL1,sealice_microbiome,U20211,CU,DE607N1,2019-05-21,D09,NA,BSL13,2.H
S20196SL1,sealice_microbiome,U20196,CU,DE617N1,2019-05-29,D27,NA,BSL13,5.H
S21326SL1,sealice_microbiome,U21326,PI,DE644N3,2019-07-03,D22,NA,BSL13,7.H
S21325SL1,sealice_microbiome,U21325,PI,DE644N3,2019-07-03,D22,NA,BSL13,9.H
S21327SL1,sealice_microbiome,U21327,PI,DE644N3,2019-07-03,D22,NA,BSL13,3.I
S21329SL1,sealice_microbiome,U21329,PI,DE644N3,2019-07-03,D22,NA,BSL13,8.I
S20492SL1,sealice_microbiome,U20492,CU,DE614N3,2019-05-28,D09,NA,BSL13,6.H
S21508SL1,sealice_microbiome,U21508,PI,DE652N1,2019-07-22,D09,NA,BSL13,8.H
S21504SL1,sealice_microbiome,U21504,PI,DE652N1,2019-07-22,D09,NA,BSL13,1.I
S21501SL1,sealice_microbiome,U21501,PI,DE652N1,2019-07-22,D09,NA,BSL13,2.I
S21507SL1,sealice_microbiome,U21507,PI,DE652N1,2019-07-22,D09,NA,BSL13,4.I
S21506SL1,sealice_microbiome,U21506,PI,DE652N1,2019-07-22,D09,NA,BSL13,5.I
S21505SL1,sealice_microbiome,U21505,PI,DE652N1,2019-07-22,D09,NA,BSL13,6.I
S21502SL1,sealice_microbiome,U21502,PI,DE652N1,2019-07-22,D09,NA,BSL13,7.I
S21509SL1,sealice_microbiome,U21509,PI,DE652N1,2019-07-22,D09,NA,BSL13,9.I
S21510SL1,sealice_microbiome,U21510,PI,DE652N1,2019-07-22,D09,NA,BSL14,1.A
S21337SL1,sealice_microbiome,U21337,PI,DE647N3,2019-07-08,D09,NA,BSL14,7.A
S21339SL1,sealice_microbiome,U21339,PI,DE647N3,2019-07-08,D09,NA,BSL14,9.A
S20061SL1,sealice_microbiome,U20061,PI,DE626N1,2019-06-05,D09,NA,BSL14,2.A
S20064SL1,sealice_microbiome,U20064,PI,DE626N1,2019-06-05,D09,NA,BSL14,3.A
S20068SL1,sealice_microbiome,U20068,PI,DE626N1,2019-06-05,D09,NA,BSL14,4.A
S20065SL1,sealice_microbiome,U20065,PI,DE626N1,2019-06-05,D09,NA,BSL14,5.A
S21410SL1,sealice_microbiome,U21410,PI,DE648N1,2019-07-09,D27,NA,BSL14,6.A
S21408SL1,sealice_microbiome,U21408,PI,DE648N1,2019-07-09,D27,NA,BSL14,1.B
S21405SL1,sealice_microbiome,U21405,PI,DE648N1,2019-07-09,D27,NA,BSL14,2.B
S21406SL1,sealice_microbiome,U21406,PI,DE648N1,2019-07-09,D27,NA,BSL14,8.A
S20168SL1,sealice_microbiome,U20168,PI,DE617N1,2019-05-29,D27,NA,BSL14,5.C
S21401SL1,sealice_microbiome,U21401,PI,DE648N1,2019-07-09,D27,NA,BSL14,3.B
S20404SL1,sealice_microbiome,U20404,SO,DE613N3,2019-05-26,D22,NA,BSL14,5.B
S20403SL1,sealice_microbiome,U20403,SO,DE613N3,2019-05-26,D22,NA,BSL14,7.B
S20934SL1,sealice_microbiome,U20934,PI,DE636N2,2019-06-24,D09,NA,BSL14,9.B
S20938SL1,sealice_microbiome,U20938,PI,DE636N2,2019-06-24,D09,NA,BSL14,2.C
S20940SL1,sealice_microbiome,U20940,PI,DE636N2,2019-06-24,D09,NA,BSL14,4.C
S20933SL1,sealice_microbiome,U20933,PI,DE636N2,2019-06-24,D09,NA,BSL14,6.C
S20937SL1,sealice_microbiome,U20937,PI,DE636N2,2019-06-24,D09,NA,BSL14,8.C
S20935SL1,sealice_microbiome,U20935,PI,DE636N2,2019-06-24,D09,NA,BSL14,9.C
S20936SL1,sealice_microbiome,U20936,PI,DE636N2,2019-06-24,D09,NA,BSL14,1.D
S21195SL1,sealice_microbiome,U21195,PI,DE642N2,2019-07-02,D09,NA,BSL14,3.D
S21196SL1,sealice_microbiome,U21196,PI,DE642N2,2019-07-02,D09,NA,BSL14,4.D
S21336SL1,sealice_microbiome,U21336,PI,DE647N3,2019-07-08,D09,NA,BSL14,4.B
S21331SL1,sealice_microbiome,U21331,PI,DE647N3,2019-07-08,D09,NA,BSL14,6.B
S21335SL1,sealice_microbiome,U21335,PI,DE647N3,2019-07-08,D09,NA,BSL14,8.B
S21338SL1,sealice_microbiome,U21338,PI,DE647N3,2019-07-08,D09,NA,BSL14,1.C
S21332SL1,sealice_microbiome,U21332,PI,DE647N3,2019-07-08,D09,NA,BSL14,3.C
S21125SL1,sealice_microbiome,U21125,PI,DE641N2,2019-06-26,D35,NA,BSL14,7.C
S21127SL1,sealice_microbiome,U21127,PI,DE641N2,2019-06-26,D35,NA,BSL14,2.D
S21200SL1,sealice_microbiome,U21200,PI,DE642N2,2019-07-02,D09,NA,BSL14,5.D
S21193SL1,sealice_microbiome,U21193,PI,DE642N2,2019-07-02,D09,NA,BSL14,8.D
S21198SL1,sealice_microbiome,U21198,PI,DE642N2,2019-07-02,D09,NA,BSL14,1.E
S21194SL1,sealice_microbiome,U21194,PI,DE642N2,2019-07-02,D09,NA,BSL14,3.E
S21197SL1,sealice_microbiome,U21197,PI,DE642N2,2019-07-02,D09,NA,BSL14,5.E
S21191SL1,sealice_microbiome,U21191,PI,DE642N2,2019-07-02,D09,NA,BSL14,6.E
S21192SL1,sealice_microbiome,U21192,PI,DE642N2,2019-07-02,D09,NA,BSL14,7.E
S21630SL1,sealice_microbiome,U21630,PI,DE629N1,2019-06-11,D27,NA,BSL14,9.E
S20986SL1,sealice_microbiome,U20986,PI,DE639N2,2019-06-25,D22,NA,BSL14,6.D
S20990SL1,sealice_microbiome,U20990,PI,DE639N2,2019-06-25,D22,NA,BSL14,7.D
S20984SL1,sealice_microbiome,U20984,PI,DE639N2,2019-06-25,D22,NA,BSL14,9.D
S20982SL1,sealice_microbiome,U20982,PI,DE639N2,2019-06-25,D22,NA,BSL14,2.E
S20989SL1,sealice_microbiome,U20989,PI,DE639N2,2019-06-25,D22,NA,BSL14,4.E
S21428SL1,sealice_microbiome,U21428,PI,DE651N1,2019-07-11,D35,NA,BSL14,8.E
S20794SL1,sealice_microbiome,U20794,PI,DE621N2,2019-06-02,D09,NA,BSL14,2.F
S20793SL1,sealice_microbiome,U20793,PI,DE621N2,2019-06-02,D09,NA,BSL14,4.F
S20796SL1,sealice_microbiome,U20796,PI,DE621N2,2019-06-02,D09,NA,BSL14,7.F
S20800SL1,sealice_microbiome,U20800,PI,DE621N2,2019-06-02,D09,NA,BSL14,8.F
S21111SL1,sealice_microbiome,U21111,PI,DE641N2,2019-06-26,D35,NA,BSL14,1.G
S20877SL1,sealice_microbiome,U20877,PI,DE632N2,2019-06-17,D09,NA,BSL14,1.F
S20880SL1,sealice_microbiome,U20880,PI,DE632N2,2019-06-17,D09,NA,BSL14,3.F
S20874SL1,sealice_microbiome,U20874,PI,DE632N2,2019-06-17,D09,NA,BSL14,5.F
S20875SL1,sealice_microbiome,U20875,PI,DE632N2,2019-06-17,D09,NA,BSL14,6.F
S20872SL1,sealice_microbiome,U20872,PI,DE632N2,2019-06-17,D09,NA,BSL14,9.F
S21011SL1,sealice_microbiome,U21011,PI,DE633N2,2019-06-18,D27,NA,BSL14,4.G
S21042SL1,sealice_microbiome,U21042,PI,DE634N1,2019-06-20,D35,NA,BSL14,7.G
S21041SL1,sealice_microbiome,U21041,PI,DE634N1,2019-06-20,D35,NA,BSL14,8.G
S21047SL1,sealice_microbiome,U21047,PI,DE634N1,2019-06-20,D35,NA,BSL14,9.G
S20822SL1,sealice_microbiome,U20822,PI,DE630N1,2019-06-11,D22,NA,BSL14,2.G
S20821SL1,sealice_microbiome,U20821,PI,DE630N1,2019-06-11,D22,NA,BSL14,3.G
S20844SL1,sealice_microbiome,U20844,PI,DE632N2,2019-06-17,D09,NA,BSL14,5.G
S20841SL1,sealice_microbiome,U20841,PI,DE632N2,2019-06-17,D09,NA,BSL14,6.G
S20268SL1,sealice_microbiome,U20268,PI,DE608N1,2019-05-22,D27,NA,BSL14,1.H
S21231SL1,sealice_microbiome,U21231,CK,DE643N1,2019-07-03,D27,NA,BSL14,2.H
S20911SL1,sealice_microbiome,U20911,CK,DE632N2,2019-06-17,D09,NA,BSL14,3.H
S20681SL1,sealice_microbiome,U20681,CK,DE620N1,2019-06-01,D27,NA,BSL14,4.H
S20943SL1,sealice_microbiome,U20943,CK,DE636N2,2019-06-24,D09,NA,BSL14,5.H
S20941SL1,sealice_microbiome,U20941,CK,DE636N2,2019-06-24,D09,NA,BSL14,6.H
S20942SL1,sealice_microbiome,U20942,CK,DE636N2,2019-06-24,D09,NA,BSL14,7.H
S20471SL1,sealice_microbiome,U20471,CO,DE616N1,2019-05-27,D35,NA,BSL14,8.H
S21161SL1,sealice_microbiome,U21161,CO,DE642N2,2019-07-02,D09,NA,BSL14,1.I
S21412SL1,sealice_microbiome,U21412,HE,DE648N1,2019-07-09,D27,NA,BSL14,7.I
S21418SL1,sealice_microbiome,U21418,HE,DE648N1,2019-07-09,D27,NA,BSL14,9.I
S21414SL1,sealice_microbiome,U21414,HE,DE648N1,2019-07-09,D27,NA,BSL15,1.A
S21413SL1,sealice_microbiome,U21413,HE,DE648N1,2019-07-09,D27,NA,BSL15,2.A
S21417SL1,sealice_microbiome,U21417,HE,DE648N1,2019-07-09,D27,NA,BSL15,3.A
S21267SL1,sealice_microbiome,U21267,PI,DE643N1,2019-07-03,D27,NA,BSL14,9.H
S21270SL1,sealice_microbiome,U21270,PI,DE643N1,2019-07-03,D27,NA,BSL14,2.I
S21266SL1,sealice_microbiome,U21266,PI,DE643N1,2019-07-03,D27,NA,BSL14,4.I
S21268SL1,sealice_microbiome,U21268,PI,DE643N1,2019-07-03,D27,NA,BSL14,5.I
S21261SL1,sealice_microbiome,U21261,PI,DE643N1,2019-07-03,D27,NA,BSL14,6.I
S21265SL1,sealice_microbiome,U21265,PI,DE643N1,2019-07-03,D27,NA,BSL14,8.I
S21411SL1,sealice_microbiome,U21411,HE,DE648N1,2019-07-09,D27,NA,BSL15,4.A
S21415SL1,sealice_microbiome,U21415,HE,DE648N1,2019-07-09,D27,NA,BSL15,5.A
S21452SL1,sealice_microbiome,U21452,HE,DE651N1,2019-07-11,D35,NA,BSL15,7.A
S20119SL1,sealice_microbiome,U20119,PI,DE614N3,2019-05-28,D09,NA,BSL15,6.A
S20118SL1,sealice_microbiome,U20118,PI,DE614N3,2019-05-28,D09,NA,BSL15,8.A
S21651SL1,sealice_microbiome,U21651,HE,DE630N1,2019-06-11,D22,NA,BSL15,9.A
S21652SL1,sealice_microbiome,U21652,HE,DE630N1,2019-06-11,D22,NA,BSL15,1.B
S20071SL1,sealice_microbiome,U20071,HE,DE626N1,2019-06-05,D09,NA,BSL15,3.B
S20851SL1,sealice_microbiome,U20851,HE,DE632N2,2019-06-17,D09,NA,BSL15,5.B
S20853SL1,sealice_microbiome,U20853,HE,DE632N2,2019-06-17,D09,NA,BSL15,7.B
S20024SL1,sealice_microbiome,U20024,PI,DE624N1,2019-06-04,D27,Louse found on outside of Whirl-pak,BSL14,3.I
S21172SL1,sealice_microbiome,U21172,HE,DE642N2,2019-07-02,D09,NA,BSL15,2.B
S21174SL1,sealice_microbiome,U21174,HE,DE642N2,2019-07-02,D09,NA,BSL15,4.B
S21173SL1,sealice_microbiome,U21173,HE,DE642N2,2019-07-02,D09,NA,BSL15,6.B
S20141SL1,sealice_microbiome,U20141,HE,DE614N3,2019-05-28,D09,NA,BSL15,8.B
S22192SL1,sealice_microbiome,U22192,SO,JE519N1,2019-06-16,J11,NA,BSL10,1.B
S21181SL1,sealice_microbiome,U21181,SO,DE642N2,2019-07-02,D09,NA,BSL11,2.C
S21182SL1,sealice_microbiome,U21182,SO,DE642N2,2019-07-02,D09,NA,BSL11,3.C
S21183SL1,sealice_microbiome,U21183,SO,DE642N2,2019-07-02,D09,NA,BSL11,4.C
