"sampleID"	"barcode"	"name"	"description"	"note"	"quantity"	"expiration"	"created"	"Storage"	"storageLayerName"	"Storage Position"	"storageLayerID"	"fullName"	"clonedFrom"	"clonedFromSampleID"	"Sample Status"	"Species"
"7166940"	"S22044SL1"	"S22044SL1"	""	""	""	""	"2019-06-28 23:28"	"Prep -80 Freezer #3 - Shelf 1 - Tray 77"	"BSL5"	"14"	"570632"	"elab JSP"	""	""	"Collected"	"Pooled"
"7166942"	"S22045SL1"	"S22045SL1"	""	""	""	""	"2019-06-28 23:28"	"Prep -80 Freezer #3 - Shelf 1 - Tray 77"	"BSL5"	"13"	"570632"	"elab JSP"	""	""	"Collected"	"Pooled"
"7166943"	"S22041SL1"	"S22041SL1"	""	""	""	""	"2019-06-28 23:28"	"Prep -80 Freezer #3 - Shelf 1 - Tray 77"	"BSL5"	"15"	"570632"	"elab JSP"	""	""	"Collected"	"Pooled"
"7166945"	"S22050SL1"	"S22050SL1"	""	""	""	""	"2019-06-28 23:28"	"Prep -80 Freezer #3 - Shelf 1 - Tray 77"	"BSL5"	"19"	"570632"	"elab JSP"	""	""	"Collected"	"Pooled"
"7166946"	"S22047SL1"	"S22047SL1"	""	""	""	""	"2019-06-28 23:28"	"Prep -80 Freezer #3 - Shelf 1 - Tray 77"	"BSL5"	"18"	"570632"	"elab JSP"	""	""	"Collected"	"Pooled"
"7166948"	"S22048SL1"	"S22048SL1"	""	""	""	""	"2019-06-28 23:28"	"Prep -80 Freezer #3 - Shelf 1 - Tray 77"	"BSL5"	"20"	"570632"	"elab JSP"	""	""	"Collected"	"Pooled"
"7166949"	"S22043SL1"	"S22043SL1"	""	""	""	""	"2019-06-28 23:28"	"Prep -80 Freezer #3 - Shelf 1 - Tray 77"	"BSL5"	"21"	"570632"	"elab JSP"	""	""	"Collected"	"Pooled"
"7166951"	"S22049SL1"	"S22049SL1"	""	""	""	""	"2019-06-28 23:28"	"Prep -80 Freezer #3 - Shelf 1 - Tray 77"	"BSL5"	"27"	"570632"	"elab JSP"	""	""	"Collected"	"Pooled"
"7166952"	"S22046SL1"	"S22046SL1"	""	""	""	""	"2019-06-28 23:28"	"Prep -80 Freezer #3 - Shelf 1 - Tray 77"	"BSL5"	"24"	"570632"	"elab JSP"	""	""	"Collected"	"Pooled"
"7189628"	"S22017SL1"	"S22017SL1"	""	""	""	""	"2019-07-05 00:20"	"Prep -80 Freezer #3 - Shelf 1 - Tray 77"	"BSL5"	"41"	"570632"	"elab JSP"	""	""	"Collected"	"Pooled"
"7189629"	"S22014SL1"	"S22014SL1"	""	""	""	""	"2019-07-05 00:20"	"Prep -80 Freezer #3 - Shelf 1 - Tray 77"	"BSL5"	"40"	"570632"	"elab JSP"	""	""	"Collected"	"Pooled"
"7189631"	"S22011SL1"	"S22011SL1"	""	""	""	""	"2019-07-05 00:20"	"Prep -80 Freezer #3 - Shelf 1 - Tray 77"	"BSL5"	"39"	"570632"	"elab JSP"	""	""	"Collected"	"Pooled"
"7189632"	"S22016SL1"	"S22016SL1"	""	""	""	""	"2019-07-05 00:20"	"Prep -80 Freezer #3 - Shelf 1 - Tray 77"	"BSL5"	"42"	"570632"	"elab JSP"	""	""	"Collected"	"Pooled"
"7189634"	"S22018SL1"	"S22018SL1"	""	""	""	""	"2019-07-05 00:20"	"Prep -80 Freezer #3 - Shelf 1 - Tray 77"	"BSL5"	"43"	"570632"	"elab JSP"	""	""	"Collected"	"Pooled"
"7202181"	"S22108SL1"	"S22108SL1"	""	""	""	""	"2019-07-10 00:39"	"Prep -80 Freezer #3 - Shelf 1 - Tray 77"	"BSL5"	"47"	"570632"	"elab JSP"	""	""	"Collected"	"Pooled"
"7202183"	"S22109SL1"	"S22109SL1"	""	""	""	""	"2019-07-10 00:39"	"Prep -80 Freezer #3 - Shelf 1 - Tray 77"	"BSL5"	"49"	"570632"	"elab JSP"	""	""	"Collected"	"Pooled"
"7202186"	"S22110SL1"	"S22110SL1"	""	""	""	""	"2019-07-10 00:39"	"Prep -80 Freezer #3 - Shelf 1 - Tray 77"	"BSL5"	"61"	"570632"	"elab JSP"	""	""	"Collected"	"Pooled"
"7202187"	"S22101SL1"	"S22101SL1"	""	""	""	""	"2019-07-10 00:39"	"Prep -80 Freezer #3 - Shelf 1 - Tray 77"	"BSL5"	"62"	"570632"	"elab JSP"	""	""	"Collected"	"Pooled"
"7202190"	"S22103SL1"	"S22103SL1"	""	""	""	""	"2019-07-10 00:39"	"Prep -80 Freezer #3 - Shelf 1 - Tray 77"	"BSL5"	"64"	"570632"	"elab JSP"	""	""	"Collected"	"Pooled"
"7202192"	"S22106SL1"	"S22106SL1"	""	""	""	""	"2019-07-10 00:39"	"Prep -80 Freezer #3 - Shelf 1 - Tray 77"	"BSL5"	"70"	"570632"	"elab JSP"	""	""	"Collected"	"Pooled"
"7202193"	"S22105SL1"	"S22105SL1"	""	""	""	""	"2019-07-10 00:39"	"Prep -80 Freezer #3 - Shelf 1 - Tray 77"	"BSL5"	"65"	"570632"	"elab JSP"	""	""	"Collected"	"Pooled"
"7202195"	"S22102SL1"	"S22102SL1"	""	""	""	""	"2019-07-10 00:39"	"Prep -80 Freezer #3 - Shelf 1 - Tray 77"	"BSL5"	"71"	"570632"	"elab JSP"	""	""	"Collected"	"Pooled"
"7202196"	"S20591SL1"	"S20591SL1"	""	""	""	""	"2019-07-10 00:39"	"Prep -80 Freezer #3 - Shelf 1 - Tray 77"	"BSL5"	"77"	"570632"	"elab JSP"	""	""	"Collected"	"Pooled"
"7202198"	"S20595SL1"	"S20595SL1"	""	""	""	""	"2019-07-10 00:39"	"Prep -80 Freezer #3 - Shelf 1 - Tray 77"	"BSL5"	"79"	"570632"	"elab JSP"	""	""	"Collected"	"Pooled"
"7202201"	"S20592SL1"	"S20592SL1"	""	""	""	""	"2019-07-10 00:39"	"Prep -80 Freezer #3 - Shelf 1 - Tray 77"	"BSL2"	"100"	"570629"	"elab JSP"	""	""	"Collected"	"Pooled"
"7202387"	"S22095SL1"	"S22095SL1"	""	""	""	""	"2019-07-10 01:24"	"Prep -80 Freezer #3 - Shelf 1 - Tray 77"	"BSL5"	"72"	"570632"	"elab JSP"	""	""	"Collected"	"Pooled"
"7202388"	"S22092SL1"	"S22092SL1"	""	""	""	""	"2019-07-10 01:24"	"Prep -80 Freezer #3 - Shelf 1 - Tray 77"	"BSL5"	"73"	"570632"	"elab JSP"	""	""	"Collected"	"Pooled"
"7202390"	"S20887SL1"	"S20887SL1"	""	""	""	""	"2019-07-10 01:24"	"Prep -80 Freezer #3 - Shelf 1 - Tray 77"	"BSL5"	"67"	"570632"	"elab JSP"	""	""	"Collected"	"Pooled"
"7202391"	"S22098SL1"	"S22098SL1"	""	""	""	""	"2019-07-10 01:24"	"Prep -80 Freezer #3 - Shelf 1 - Tray 77"	"BSL5"	"75"	"570632"	"elab JSP"	""	""	"Collected"	"Pooled"
"7202393"	"S22097SL1"	"S22097SL1"	""	""	""	""	"2019-07-10 01:24"	"Prep -80 Freezer #3 - Shelf 1 - Tray 77"	"BSL5"	"78"	"570632"	"elab JSP"	""	""	"Collected"	"Pooled"
"7202396"	"S22093SL1"	"S22093SL1"	""	""	""	""	"2019-07-10 01:24"	"Prep -80 Freezer #3 - Shelf 1 - Tray 77"	"BSL5"	"80"	"570632"	"elab JSP"	""	""	"Collected"	"Pooled"
"7202399"	"S22091SL1"	"S22091SL1"	""	""	""	""	"2019-07-10 01:24"	"Prep -80 Freezer #3 - Shelf 1 - Tray 77"	"BSL5"	"74"	"570632"	"elab JSP"	""	""	"Collected"	"Pooled"
"7207746"	"S20586SL1"	"S20586SL1"	""	""	""	""	"2019-07-10 22:33"	"Prep -80 Freezer #3 - Shelf 1 - Tray 77"	"BSL5"	"25"	"570632"	"elab JSP"	""	""	"Collected"	"Pooled"
"7207748"	"S20587SL1"	"S20587SL1"	""	""	""	""	"2019-07-10 22:33"	"Prep -80 Freezer #3 - Shelf 1 - Tray 77"	"BSL5"	"28"	"570632"	"elab JSP"	""	""	"Collected"	"Pooled"
"7207749"	"S20590SL1"	"S20590SL1"	""	""	""	""	"2019-07-10 22:33"	"Prep -80 Freezer #3 - Shelf 1 - Tray 77"	"BSL5"	"33"	"570632"	"elab JSP"	""	""	"Collected"	"Pooled"
"7207751"	"S20585SL1"	"S20585SL1"	""	""	""	""	"2019-07-10 22:33"	"Prep -80 Freezer #3 - Shelf 1 - Tray 77"	"BSL5"	"23"	"570632"	"elab JSP"	""	""	"Collected"	"Pooled"
"7207752"	"S21641SL1"	"S21641SL1"	""	""	""	""	"2019-07-10 22:33"	"Prep -80 Freezer #3 - Shelf 1 - Tray 77"	"BSL5"	"34"	"570632"	"elab JSP"	""	""	"Collected"	"Pooled"
"7207754"	"S20588SL1"	"S20588SL1"	""	""	""	""	"2019-07-10 22:33"	"Prep -80 Freezer #3 - Shelf 1 - Tray 77"	"BSL5"	"31"	"570632"	"elab JSP"	""	""	"Collected"	"Pooled"
"7207757"	"S21644SL1"	"S21644SL1"	""	""	""	""	"2019-07-10 22:33"	"Prep -80 Freezer #3 - Shelf 1 - Tray 77"	"BSL5"	"35"	"570632"	"elab JSP"	""	""	"Collected"	"Pooled"
"7207760"	"S21645SL1"	"S21645SL1"	""	""	""	""	"2019-07-10 22:33"	"Prep -80 Freezer #3 - Shelf 1 - Tray 77"	"BSL5"	"37"	"570632"	"elab JSP"	""	""	"Collected"	"Pooled"
"7207761"	"S21646SL1"	"S21646SL1"	""	""	""	""	"2019-07-10 22:33"	"Prep -80 Freezer #3 - Shelf 1 - Tray 77"	"BSL5"	"38"	"570632"	"elab JSP"	""	""	"Collected"	"Pooled"
"7218104"	"S20505SL1"	"S20505SL1"	""	""	""	""	"2019-07-12 15:29"	"Prep -80 Freezer #3 - Shelf 1 - Tray 76"	"BSL9"	"1.A"	"600963"	"elab JSP"	""	""	"Collected"	""
"7218105"	"S20506SL1"	"S20506SL1"	""	""	""	""	"2019-07-12 15:29"	"Prep -80 Freezer #3 - Shelf 1 - Tray 76"	"BSL9"	"3.A"	"600963"	"elab JSP"	""	""	"Collected"	""
"7218107"	"S20502SL1"	"S20502SL1"	""	""	""	""	"2019-07-12 15:29"	"Prep -80 Freezer #3 - Shelf 1 - Tray 76"	"BSL9"	"5.A"	"600963"	"elab JSP"	""	""	"Collected"	""
"7218108"	"S20541SL1"	"S20541SL1"	""	""	""	""	"2019-07-12 15:29"	"Prep -80 Freezer #3 - Shelf 1 - Tray 76"	"BSL9"	"9.A"	"600963"	"elab JSP"	""	""	"Collected"	""
"7218110"	"S20542SL1"	"S20542SL1"	""	""	""	""	"2019-07-12 15:29"	"Prep -80 Freezer #3 - Shelf 1 - Tray 76"	"BSL9"	"5.B"	"600963"	"elab JSP"	""	""	"Collected"	""
"7218111"	"S20545SL1"	"S20545SL1"	""	""	""	""	"2019-07-12 15:29"	"Prep -80 Freezer #3 - Shelf 1 - Tray 76"	"BSL9"	"3.B"	"600963"	"elab JSP"	""	""	"Collected"	""
"7219553"	"S22071SL1"	"S22071SL1"	""	""	""	""	"2019-07-12 17:38"	"Prep -80 Freezer #3 - Shelf 1 - Tray 77"	"BSL5"	"22"	"570632"	"elab JSP"	""	""	"Collected"	""
"7219554"	"S22079SL1"	"S22079SL1"	""	""	""	""	"2019-07-12 17:38"	"Prep -80 Freezer #3 - Shelf 1 - Tray 77"	"BSL5"	"17"	"570632"	"elab JSP"	""	""	"Collected"	""
"7219556"	"S22072SL1"	"S22072SL1"	""	""	""	""	"2019-07-12 17:38"	"Prep -80 Freezer #3 - Shelf 1 - Tray 77"	"BSL5"	"30"	"570632"	"elab JSP"	""	""	"Collected"	""
"7219557"	"S22073SL1"	"S22073SL1"	""	""	""	""	"2019-07-12 17:38"	"Prep -80 Freezer #3 - Shelf 1 - Tray 77"	"BSL5"	"45"	"570632"	"elab JSP"	""	""	"Collected"	""
"7219559"	"S22076SL1"	"S22076SL1"	""	""	""	""	"2019-07-12 17:38"	"Prep -80 Freezer #3 - Shelf 1 - Tray 77"	"BSL5"	"29"	"570632"	"elab JSP"	""	""	"Collected"	""
"7219562"	"S20566SL1"	"S20566SL1"	""	""	""	""	"2019-07-12 17:38"	"Prep -80 Freezer #3 - Shelf 1 - Tray 77"	"BSL5"	"69"	"570632"	"elab JSP"	""	""	"Collected"	""
"7220871"	"S21663SL1"	"S21663SL1"	""	""	""	""	"2019-07-12 18:42"	"Prep -80 Freezer #3 - Shelf 1 - Tray 77"	"BSL5"	"48"	"570632"	"elab JSP"	""	""	"Collected"	""
"7220873"	"S21665SL1"	"S21665SL1"	""	""	""	""	"2019-07-12 18:42"	"Prep -80 Freezer #3 - Shelf 1 - Tray 77"	"BSL5"	"63"	"570632"	"elab JSP"	""	""	"Collected"	""
"7220874"	"S21664SL1"	"S21664SL1"	""	""	""	""	"2019-07-12 18:42"	"Prep -80 Freezer #3 - Shelf 1 - Tray 77"	"BSL5"	"50"	"570632"	"elab JSP"	""	""	"Collected"	""
"7220876"	"S21666SL1"	"S21666SL1"	""	""	""	""	"2019-07-12 18:42"	"Prep -80 Freezer #3 - Shelf 1 - Tray 77"	"BSL5"	"68"	"570632"	"elab JSP"	""	""	"Collected"	""
"7220877"	"S21670SL1"	"S21670SL1"	""	""	""	""	"2019-07-12 18:42"	"Prep -80 Freezer #3 - Shelf 1 - Tray 76"	"BSL9"	"2.A"	"600963"	"elab JSP"	""	""	"Collected"	""
"7220879"	"S22053SL1"	"S22053SL1"	""	""	""	""	"2019-07-12 18:42"	"Prep -80 Freezer #3 - Shelf 1 - Tray 76"	"BSL9"	"4.A"	"600963"	"elab JSP"	""	""	"Collected"	""
"7220880"	"S22054SL1"	"S22054SL1"	""	""	""	""	"2019-07-12 18:42"	"Prep -80 Freezer #3 - Shelf 1 - Tray 76"	"BSL9"	"6.A"	"600963"	"elab JSP"	""	""	"Collected"	""
"7220882"	"S22051SL1"	"S22051SL1"	""	""	""	""	"2019-07-12 18:42"	"Prep -80 Freezer #3 - Shelf 1 - Tray 76"	"BSL9"	"8.A"	"600963"	"elab JSP"	""	""	"Collected"	""
"7220883"	"S22059SL1"	"S22059SL1"	""	""	""	""	"2019-07-12 18:42"	"Prep -80 Freezer #3 - Shelf 1 - Tray 76"	"BSL9"	"7.A"	"600963"	"elab JSP"	""	""	"Collected"	""
"7220885"	"S22060SL1"	"S22060SL1"	""	""	""	""	"2019-07-12 18:42"	"Prep -80 Freezer #3 - Shelf 1 - Tray 76"	"BSL9"	"1.B"	"600963"	"elab JSP"	""	""	"Collected"	""
"7220888"	"S22057SL1"	"S22057SL1"	""	""	""	""	"2019-07-12 18:42"	"Prep -80 Freezer #3 - Shelf 1 - Tray 76"	"BSL9"	"2.B"	"600963"	"elab JSP"	""	""	"Collected"	""
"7220889"	"S22058SL1"	"S22058SL1"	""	""	""	""	"2019-07-12 18:42"	"Prep -80 Freezer #3 - Shelf 1 - Tray 76"	"BSL9"	"4.B"	"600963"	"elab JSP"	""	""	"Collected"	""
"7220892"	"S22056SL1"	"S22056SL1"	""	""	""	""	"2019-07-12 18:42"	"Prep -80 Freezer #3 - Shelf 1 - Tray 76"	"BSL9"	"6.B"	"600963"	"elab JSP"	""	""	"Collected"	""
"7220894"	"S22052SL1"	"S22052SL1"	""	""	""	""	"2019-07-12 18:42"	"Prep -80 Freezer #3 - Shelf 1 - Tray 76"	"BSL9"	"7.B"	"600963"	"elab JSP"	""	""	"Collected"	""
"7220897"	"S22055SL1"	"S22055SL1"	""	""	""	""	"2019-07-12 18:42"	"Prep -80 Freezer #3 - Shelf 1 - Tray 76"	"BSL9"	"8.B"	"600963"	"elab JSP"	""	""	"Collected"	""
"7220898"	"S21081SL1"	"S21081SL1"	""	""	""	""	"2019-07-12 18:42"	"Prep -80 Freezer #3 - Shelf 1 - Tray 76"	"BSL9"	"9.B"	"600963"	"elab JSP"	""	""	"Collected"	""
"7220901"	"S21082SL1"	"S21082SL1"	""	""	""	""	"2019-07-12 18:42"	"Prep -80 Freezer #3 - Shelf 1 - Tray 76"	"BSL9"	"1.C"	"600963"	"elab JSP"	""	""	"Collected"	""
"7220903"	"S21681SL1"	"S21681SL1"	""	""	""	""	"2019-07-12 18:42"	"Prep -80 Freezer #3 - Shelf 1 - Tray 76"	"BSL9"	"2.C"	"600963"	"elab JSP"	""	""	"Collected"	""
"7220904"	"S20921SL1"	"S20921SL1"	""	""	""	""	"2019-07-12 18:42"	"Prep -80 Freezer #3 - Shelf 1 - Tray 76"	"BSL9"	"3.C"	"600963"	"elab JSP"	""	""	"Collected"	""
"7223819"	"S20543SL1"	"S20543SL1"	""	""	""	""	"2019-07-15 15:56"	"Prep -80 Freezer #3 - Shelf 1 - Tray 76"	"BSL9"	"4.C"	"600963"	"elab JSP"	""	""	"Collected"	""
"7223820"	"S20548SL1"	"S20548SL1"	""	""	""	""	"2019-07-15 15:56"	"Prep -80 Freezer #3 - Shelf 1 - Tray 76"	"BSL9"	"5.C"	"600963"	"elab JSP"	""	""	"Collected"	""
"7223822"	"S20547SL1"	"S20547SL1"	""	""	""	""	"2019-07-15 15:56"	"Prep -80 Freezer #3 - Shelf 1 - Tray 76"	"BSL9"	"7.C"	"600963"	"elab JSP"	""	""	"Collected"	""
"7223823"	"S22038SL1"	"S22038SL1"	""	""	""	""	"2019-07-15 15:56"	"Prep -80 Freezer #3 - Shelf 1 - Tray 76"	"BSL9"	"8.C"	"600963"	"elab JSP"	""	""	"Collected"	""
"7223826"	"S22033SL1"	"S22033SL1"	""	""	""	""	"2019-07-15 15:56"	"Prep -80 Freezer #3 - Shelf 1 - Tray 76"	"BSL9"	"1.D"	"600963"	"elab JSP"	""	""	"Collected"	""
"7223828"	"S22031SL1"	"S22031SL1"	""	""	""	""	"2019-07-15 15:56"	"Prep -80 Freezer #3 - Shelf 1 - Tray 76"	"BSL9"	"3.D"	"600963"	"elab JSP"	""	""	"Collected"	""
"7223831"	"S22036SL1"	"S22036SL1"	""	""	""	""	"2019-07-15 15:56"	"Prep -80 Freezer #3 - Shelf 1 - Tray 76"	"BSL9"	"4.D"	"600963"	"elab JSP"	""	""	"Collected"	""
"7223832"	"S22040SL1"	"S22040SL1"	""	""	""	""	"2019-07-15 15:56"	"Prep -80 Freezer #3 - Shelf 1 - Tray 76"	"BSL9"	"6.D"	"600963"	"elab JSP"	""	""	"Collected"	""
"7223834"	"S22039SL1"	"S22039SL1"	""	""	""	""	"2019-07-15 15:56"	"Prep -80 Freezer #3 - Shelf 1 - Tray 76"	"BSL9"	"5.D"	"600963"	"elab JSP"	""	""	"Collected"	""
"7228628"	"S22067SL1"	"S22067SL1"	""	""	""	""	"2019-07-16 00:26"	"Prep -80 Freezer #3 - Shelf 1 - Tray 76"	"BSL9"	"8.E"	"600963"	"elab JSP"	""	""	"Collected"	""
"7228629"	"S22062SL1"	"S22062SL1"	""	""	""	""	"2019-07-16 00:26"	"Prep -80 Freezer #3 - Shelf 1 - Tray 76"	"BSL9"	"2.F"	"600963"	"elab JSP"	""	""	"Collected"	""
"7228632"	"S22065SL1"	"S22065SL1"	""	""	""	""	"2019-07-16 00:26"	"Prep -80 Freezer #3 - Shelf 1 - Tray 76"	"BSL9"	"6.E"	"600963"	"elab JSP"	""	""	"Collected"	""
"7229769"	"S22126SL1"	"S22126SL1"	""	""	""	""	"2019-07-16 03:09"	"Prep -80 Freezer #3 - Shelf 1 - Tray 76"	"BSL9"	"1.F"	"600963"	"elab JSP"	""	""	"Collected"	""
"7229771"	"S22124SL1"	"S22124SL1"	""	""	""	""	"2019-07-16 03:09"	"Prep -80 Freezer #3 - Shelf 1 - Tray 76"	"BSL9"	"3.E"	"600963"	"elab JSP"	""	""	"Collected"	""
"7229772"	"S22127SL1"	"S22127SL1"	""	""	""	""	"2019-07-16 03:09"	"Prep -80 Freezer #3 - Shelf 1 - Tray 76"	"BSL9"	"4.F"	"600963"	"elab JSP"	""	""	"Collected"	""
"7229775"	"S22129SL1"	"S22129SL1"	""	""	""	""	"2019-07-16 03:09"	"Prep -80 Freezer #3 - Shelf 1 - Tray 76"	"BSL9"	"5.F"	"600963"	"elab JSP"	""	""	"Collected"	""
"7229778"	"S22122SL1"	"S22122SL1"	""	""	""	""	"2019-07-16 03:12"	"Prep -80 Freezer #3 - Shelf 1 - Tray 76"	"BSL9"	"2.E"	"600963"	"elab JSP"	""	""	"Collected"	""
"7244234"	"S22241SL1"	"S22241SL1"	""	""	""	""	"2019-07-17 15:18"	"Prep -80 Freezer #3 - Shelf 1 - Tray 76"	"BSL9"	"7.F"	"600963"	"elab JSP"	""	""	"Collected"	""
"7244235"	"S22242SL1"	"S22242SL1"	""	""	""	""	"2019-07-17 15:18"	"Prep -80 Freezer #3 - Shelf 1 - Tray 76"	"BSL9"	"5.G"	"600963"	"elab JSP"	""	""	"Collected"	""
"7244238"	"S22244SL1"	"S22244SL1"	""	""	""	""	"2019-07-17 15:18"	"Prep -80 Freezer #3 - Shelf 1 - Tray 76"	"BSL9"	"7.G"	"600963"	"elab JSP"	""	""	"Collected"	""
"7246188"	"S21102SL1"	"S21102SL1"	""	""	""	""	"2019-07-17 17:41"	"Prep -80 Freezer #3 - Shelf 1 - Tray 76"	"BSL9"	"6.C"	"600963"	"elab JSP"	""	""	"Collected"	""
"7246190"	"S21103SL1"	"S21103SL1"	""	""	""	""	"2019-07-17 17:41"	"Prep -80 Freezer #3 - Shelf 1 - Tray 76"	"BSL9"	"9.C"	"600963"	"elab JSP"	""	""	"Collected"	""
"7246191"	"S22159SL1"	"S22159SL1"	""	""	""	""	"2019-07-17 17:41"	"Prep -80 Freezer #3 - Shelf 1 - Tray 76"	"BSL9"	"7.D"	"600963"	"elab JSP"	""	""	"Collected"	""
"7246193"	"S21104SL1"	"S21104SL1"	""	""	""	""	"2019-07-17 17:41"	"Prep -80 Freezer #3 - Shelf 1 - Tray 76"	"BSL9"	"2.D"	"600963"	"elab JSP"	""	""	"Collected"	""
"7246194"	"S22142SL1"	"S22142SL1"	""	""	""	""	"2019-07-17 17:41"	"Prep -80 Freezer #3 - Shelf 1 - Tray 76"	"BSL9"	"6.F"	"600963"	"elab JSP"	""	""	"Collected"	""
"7246196"	"S22149SL1"	"S22149SL1"	""	""	""	""	"2019-07-17 17:41"	"Prep -80 Freezer #3 - Shelf 1 - Tray 76"	"BSL9"	"8.F"	"600963"	"elab JSP"	""	""	"Collected"	""
"7246197"	"S22148SL1"	"S22148SL1"	""	""	""	""	"2019-07-17 17:41"	"Prep -80 Freezer #3 - Shelf 1 - Tray 76"	"BSL9"	"1.G"	"600963"	"elab JSP"	""	""	"Collected"	""
"7246199"	"S22145SL1"	"S22145SL1"	""	""	""	""	"2019-07-17 17:41"	"Prep -80 Freezer #3 - Shelf 1 - Tray 76"	"BSL9"	"9.F"	"600963"	"elab JSP"	""	""	"Collected"	""
"7246202"	"S22141SL1"	"S22141SL1"	""	""	""	""	"2019-07-17 17:41"	"Prep -80 Freezer #3 - Shelf 1 - Tray 76"	"BSL9"	"2.G"	"600963"	"elab JSP"	""	""	"Collected"	""
"7246205"	"S22144SL1"	"S22144SL1"	""	""	""	""	"2019-07-17 17:41"	"Prep -80 Freezer #3 - Shelf 1 - Tray 76"	"BSL9"	"3.G"	"600963"	"elab JSP"	""	""	"Collected"	""
"7246206"	"S22146SL1"	"S22146SL1"	""	""	""	""	"2019-07-17 17:41"	"Prep -80 Freezer #3 - Shelf 1 - Tray 76"	"BSL9"	"4.G"	"600963"	"elab JSP"	""	""	"Collected"	""
"7246208"	"S22143SL1"	"S22143SL1"	""	""	""	""	"2019-07-17 17:41"	"Prep -80 Freezer #3 - Shelf 1 - Tray 76"	"BSL9"	"6.G"	"600963"	"elab JSP"	""	""	"Collected"	""
"7246209"	"S22150SL1"	"S22150SL1"	""	""	""	""	"2019-07-17 17:41"	"Prep -80 Freezer #3 - Shelf 1 - Tray 76"	"BSL9"	"9.G"	"600963"	"elab JSP"	""	""	"Collected"	""
"7246211"	"S22147SL1"	"S22147SL1"	""	""	""	""	"2019-07-17 17:41"	"Prep -80 Freezer #3 - Shelf 1 - Tray 76"	"BSL9"	"8.G"	"600963"	"elab JSP"	""	""	"Collected"	""
"7246212"	"S20862SL1"	"S20862SL1"	""	""	""	""	"2019-07-17 17:41"	"Prep -80 Freezer #3 - Shelf 1 - Tray 76"	"BSL9"	"1.H"	"600963"	"elab JSP"	""	""	"Collected"	""
"7255125"	"S22160SL1"	"S22160SL1"	""	""	""	""	"2019-07-17 22:37"	"Prep -80 Freezer #3 - Shelf 1 - Tray 76"	"BSL9"	"8.D"	"600963"	"elab JSP"	""	""	"Collected"	""
"7255128"	"S22152SL1"	"S22152SL1"	""	""	""	""	"2019-07-17 22:37"	"Prep -80 Freezer #3 - Shelf 1 - Tray 76"	"BSL9"	"9.D"	"600963"	"elab JSP"	""	""	"Collected"	""
"7255131"	"S22158SL1"	"S22158SL1"	""	""	""	""	"2019-07-17 22:37"	"Prep -80 Freezer #3 - Shelf 1 - Tray 76"	"BSL9"	"1.E"	"600963"	"elab JSP"	""	""	"Collected"	""
"7255133"	"S22151SL1"	"S22151SL1"	""	""	""	""	"2019-07-17 22:37"	"Prep -80 Freezer #3 - Shelf 1 - Tray 76"	"BSL9"	"4.E"	"600963"	"elab JSP"	""	""	"Collected"	""
"7255136"	"S22157SL1"	"S22157SL1"	""	""	""	""	"2019-07-17 22:37"	"Prep -80 Freezer #3 - Shelf 1 - Tray 76"	"BSL9"	"5.E"	"600963"	"elab JSP"	""	""	"Collected"	""
"7255137"	"S22156SL1"	"S22156SL1"	""	""	""	""	"2019-07-17 22:37"	"Prep -80 Freezer #3 - Shelf 1 - Tray 76"	"BSL9"	"7.E"	"600963"	"elab JSP"	""	""	"Collected"	""
"7255139"	"S22155SL1"	"S22155SL1"	""	""	""	""	"2019-07-17 22:37"	"Prep -80 Freezer #3 - Shelf 1 - Tray 76"	"BSL9"	"9.E"	"600963"	"elab JSP"	""	""	"Collected"	""
"7255142"	"S22153SL1"	"S22153SL1"	""	""	""	""	"2019-07-17 22:37"	"Prep -80 Freezer #3 - Shelf 1 - Tray 76"	"BSL9"	"3.F"	"600963"	"elab JSP"	""	""	"Collected"	""
"7267643"	"S21033SL1"	"S21033SL1"	""	""	""	""	"2019-07-18 15:37"	"Prep -80 Freezer #3 - Shelf 1 - Tray 76"	"BSL9"	"2.H"	"600963"	"elab JSP"	""	""	"Collected"	""
"7267646"	"S21034SL1"	"S21034SL1"	""	""	""	""	"2019-07-18 15:37"	"Prep -80 Freezer #3 - Shelf 1 - Tray 76"	"BSL9"	"4.H"	"600963"	"elab JSP"	""	""	"Collected"	""
"7267647"	"S21036SL1"	"S21036SL1"	""	""	""	""	"2019-07-18 15:37"	"Prep -80 Freezer #3 - Shelf 1 - Tray 76"	"BSL9"	"5.H"	"600963"	"elab JSP"	""	""	"Collected"	""
"7267650"	"S21035SL1"	"S21035SL1"	""	""	""	""	"2019-07-18 15:37"	"Prep -80 Freezer #3 - Shelf 1 - Tray 76"	"BSL9"	"7.H"	"600963"	"elab JSP"	""	""	"Collected"	""
"7267652"	"S22207SL1"	"S22207SL1"	""	""	""	""	"2019-07-18 15:37"	"Prep -80 Freezer #3 - Shelf 1 - Tray 76"	"BSL9"	"8.H"	"600963"	"elab JSP"	""	""	"Collected"	""
"7267655"	"S22204SL1"	"S22204SL1"	""	""	""	""	"2019-07-18 15:37"	"Prep -80 Freezer #3 - Shelf 1 - Tray 76"	"BSL9"	"9.H"	"600963"	"elab JSP"	""	""	"Collected"	""
"7267965"	"S20865SL1"	"S20865SL1"	""	""	""	""	"2019-07-18 15:57"	"Prep -80 Freezer #3 - Shelf 1 - Tray 76"	"BSL9"	"3.H"	"600963"	"elab JSP"	""	""	"Collected"	""
"7267967"	"S20870SL1"	"S20870SL1"	""	""	""	""	"2019-07-18 15:57"	"Prep -80 Freezer #3 - Shelf 1 - Tray 76"	"BSL9"	"6.H"	"600963"	"elab JSP"	""	""	"Collected"	""
"7267968"	"S20864SL1"	"S20864SL1"	""	""	""	""	"2019-07-18 15:57"	"Prep -80 Freezer #3 - Shelf 1 - Tray 76"	"BSL9"	"1.I"	"600963"	"elab JSP"	""	""	"Collected"	""
"7294490"	"S22200SL1"	"S22200SL1"	""	""	""	""	"2019-07-23 23:55"	"Prep -80 Freezer #3 - Shelf 1 - Tray 76"	"BSL9"	"8.I"	"600963"	"elab JSP"	""	""	"Collected"	""
"7294491"	"S22195SL1"	"S22195SL1"	""	""	""	""	"2019-07-23 23:55"	"Prep -80 Freezer #3 - Shelf 1 - Tray 79"	"BSL10"	"1.A"	"606057"	"elab JSP"	""	""	"Collected"	""
"7294493"	"S22196SL1"	"S22196SL1"	""	""	""	""	"2019-07-23 23:55"	"Prep -80 Freezer #3 - Shelf 1 - Tray 76"	"BSL9"	"9.I"	"600963"	"elab JSP"	""	""	"Collected"	""
"7294494"	"S22199SL1"	"S22199SL1"	""	""	""	""	"2019-07-23 23:55"	"Prep -80 Freezer #3 - Shelf 1 - Tray 79"	"BSL10"	"3.A"	"606057"	"elab JSP"	""	""	"Collected"	""
"7294496"	"S22198SL1"	"S22198SL1"	""	""	""	""	"2019-07-23 23:55"	"Prep -80 Freezer #3 - Shelf 1 - Tray 79"	"BSL10"	"4.A"	"606057"	"elab JSP"	""	""	"Collected"	""
"7294497"	"S22193SL1"	"S22193SL1"	""	""	""	""	"2019-07-23 23:55"	"Prep -80 Freezer #3 - Shelf 1 - Tray 79"	"BSL10"	"7.A"	"606057"	"elab JSP"	""	""	"Collected"	""
"7294499"	"S22197SL1"	"S22197SL1"	""	""	""	""	"2019-07-23 23:55"	"Prep -80 Freezer #3 - Shelf 1 - Tray 79"	"BSL10"	"6.A"	"606057"	"elab JSP"	""	""	"Collected"	""
"7294502"	"S22505SL1"	"S22505SL1"	""	""	""	""	"2019-07-23 23:55"	"Prep -80 Freezer #3 - Shelf 1 - Tray 79"	"BSL10"	"3.B"	"606057"	"elab JSP"	""	""	"Collected"	""
"7294505"	"S22503SL1"	"S22503SL1"	""	""	""	""	"2019-07-23 23:55"	"Prep -80 Freezer #3 - Shelf 1 - Tray 79"	"BSL10"	"4.B"	"606057"	"elab JSP"	""	""	"Collected"	""
"7294553"	"S22231SL1"	"S22231SL1"	""	""	""	""	"2019-07-24 00:11"	"Prep -80 Freezer #3 - Shelf 1 - Tray 79"	"BSL10"	"2.A"	"606057"	"elab JSP"	""	""	"Collected"	""
"7294554"	"S22236SL1"	"S22236SL1"	""	""	""	""	"2019-07-24 00:11"	"Prep -80 Freezer #3 - Shelf 1 - Tray 79"	"BSL10"	"8.A"	"606057"	"elab JSP"	""	""	"Collected"	""
"7294556"	"S22333SL1"	"S22333SL1"	""	""	""	""	"2019-07-24 00:11"	"Prep -80 Freezer #3 - Shelf 1 - Tray 79"	"BSL10"	"2.B"	"606057"	"elab JSP"	""	""	"Collected"	""
"7296482"	"S22202SL1"	"S22202SL1"	""	""	""	""	"2019-07-24 15:23"	"Prep -80 Freezer #3 - Shelf 1 - Tray 76"	"BSL9"	"3.I"	"600963"	"elab JSP"	""	""	"Collected"	""
"7296483"	"S22201SL1"	"S22201SL1"	""	""	""	""	"2019-07-24 15:23"	"Prep -80 Freezer #3 - Shelf 1 - Tray 76"	"BSL9"	"5.I"	"600963"	"elab JSP"	""	""	"Collected"	""
"7296485"	"S22205SL1"	"S22205SL1"	""	""	""	""	"2019-07-24 15:23"	"Prep -80 Freezer #3 - Shelf 1 - Tray 76"	"BSL9"	"4.I"	"600963"	"elab JSP"	""	""	"Collected"	""
"7296486"	"S22203SL1"	"S22203SL1"	""	""	""	""	"2019-07-24 15:23"	"Prep -80 Freezer #3 - Shelf 1 - Tray 76"	"BSL9"	"2.I"	"600963"	"elab JSP"	""	""	"Collected"	""
"7296488"	"S21210SL1"	"S21210SL1"	""	""	""	""	"2019-07-24 15:24"	"Prep -80 Freezer #3 - Shelf 1 - Tray 79"	"BSL10"	"5.A"	"606057"	"elab JSP"	""	""	"Collected"	""
"7296491"	"S21204SL1"	"S21204SL1"	""	""	""	""	"2019-07-24 15:24"	"Prep -80 Freezer #3 - Shelf 1 - Tray 79"	"BSL10"	"9.A"	"606057"	"elab JSP"	""	""	"Collected"	""
"7302176"	"S22177SL1"	"S22177SL1"	""	""	""	""	"2019-07-24 23:05"	"Prep -80 Freezer #3 - Shelf 1 - Tray 79"	"BSL10"	"7.B"	"606057"	"elab JSP"	""	""	"Collected"	""
"7302177"	"S22178SL1"	"S22178SL1"	""	""	""	""	"2019-07-24 23:05"	"Prep -80 Freezer #3 - Shelf 1 - Tray 79"	"BSL10"	"9.B"	"606057"	"elab JSP"	""	""	"Collected"	""
"7302180"	"S22173SL1"	"S22173SL1"	""	""	""	""	"2019-07-24 23:05"	"Prep -80 Freezer #3 - Shelf 1 - Tray 79"	"BSL10"	"2.C"	"606057"	"elab JSP"	""	""	"Collected"	""
"7302182"	"S22172SL1"	"S22172SL1"	""	""	""	""	"2019-07-24 23:05"	"Prep -80 Freezer #3 - Shelf 1 - Tray 79"	"BSL10"	"5.C"	"606057"	"elab JSP"	""	""	"Collected"	""
"7302183"	"S22171SL1"	"S22171SL1"	""	""	""	""	"2019-07-24 23:05"	"Prep -80 Freezer #3 - Shelf 1 - Tray 79"	"BSL10"	"4.C"	"606057"	"elab JSP"	""	""	"Collected"	""
"7302185"	"S22179SL1"	"S22179SL1"	""	""	""	""	"2019-07-24 23:05"	"Prep -80 Freezer #3 - Shelf 1 - Tray 79"	"BSL10"	"6.C"	"606057"	"elab JSP"	""	""	"Collected"	""
"7302186"	"S22180SL1"	"S22180SL1"	""	""	""	""	"2019-07-24 23:05"	"Prep -80 Freezer #3 - Shelf 1 - Tray 79"	"BSL10"	"8.C"	"606057"	"elab JSP"	""	""	"Collected"	""
"7302188"	"S22175SL1"	"S22175SL1"	""	""	""	""	"2019-07-24 23:05"	"Prep -80 Freezer #3 - Shelf 1 - Tray 79"	"BSL10"	"2.D"	"606057"	"elab JSP"	""	""	"Collected"	""
"7302189"	"S22176SL1"	"S22176SL1"	""	""	""	""	"2019-07-24 23:05"	"Prep -80 Freezer #3 - Shelf 1 - Tray 79"	"BSL10"	"9.C"	"606057"	"elab JSP"	""	""	"Collected"	""
"7302191"	"S20540SL1"	"S20540SL1"	""	""	""	""	"2019-07-24 23:05"	"Prep -80 Freezer #3 - Shelf 1 - Tray 79"	"BSL10"	"4.D"	"606057"	"elab JSP"	""	""	"Collected"	""
"7302192"	"S20539SL1"	"S20539SL1"	""	""	""	""	"2019-07-24 23:05"	"Prep -80 Freezer #3 - Shelf 1 - Tray 79"	"BSL10"	"5.D"	"606057"	"elab JSP"	""	""	"Collected"	""
"7302194"	"S20532SL1"	"S20532SL1"	""	""	""	""	"2019-07-24 23:05"	"Prep -80 Freezer #3 - Shelf 1 - Tray 79"	"BSL10"	"8.D"	"606057"	"elab JSP"	""	""	"Collected"	""
"7302195"	"S20538SL1"	"S20538SL1"	""	""	""	""	"2019-07-24 23:05"	"Prep -80 Freezer #3 - Shelf 1 - Tray 79"	"BSL10"	"6.D"	"606057"	"elab JSP"	""	""	"Collected"	""
"7302197"	"S20537SL1"	"S20537SL1"	""	""	""	""	"2019-07-24 23:05"	"Prep -80 Freezer #3 - Shelf 1 - Tray 79"	"BSL10"	"9.D"	"606057"	"elab JSP"	""	""	"Collected"	""
"7309227"	"S22259SL1"	"S22259SL1"	""	""	""	""	"2019-07-26 23:21"	"Prep -80 Freezer #3 - Shelf 1 - Tray 79"	"BSL10"	"7.D"	"606057"	"elab JSP"	""	""	"Collected"	""
"7309230"	"S22255SL1"	"S22255SL1"	""	""	""	""	"2019-07-26 23:21"	"Prep -80 Freezer #3 - Shelf 1 - Tray 79"	"BSL10"	"1.E"	"606057"	"elab JSP"	""	""	"Collected"	""
"7309232"	"S22251SL1"	"S22251SL1"	""	""	""	""	"2019-07-26 23:21"	"Prep -80 Freezer #3 - Shelf 1 - Tray 79"	"BSL10"	"2.E"	"606057"	"elab JSP"	""	""	"Collected"	""
"7309233"	"S22254SL1"	"S22254SL1"	""	""	""	""	"2019-07-26 23:21"	"Prep -80 Freezer #3 - Shelf 1 - Tray 79"	"BSL10"	"4.E"	"606057"	"elab JSP"	""	""	"Collected"	""
"7309235"	"S22257SL1"	"S22257SL1"	""	""	""	""	"2019-07-26 23:21"	"Prep -80 Freezer #3 - Shelf 1 - Tray 79"	"BSL10"	"3.E"	"606057"	"elab JSP"	""	""	"Collected"	""
"7309236"	"S22260SL1"	"S22260SL1"	""	""	""	""	"2019-07-26 23:21"	"Prep -80 Freezer #3 - Shelf 1 - Tray 79"	"BSL10"	"5.E"	"606057"	"elab JSP"	""	""	"Collected"	""
"7309238"	"S20531SL1"	"S20531SL1"	""	""	""	""	"2019-07-26 23:21"	"Prep -80 Freezer #3 - Shelf 1 - Tray 79"	"BSL10"	"6.E"	"606057"	"elab JSP"	""	""	"Collected"	""
"7318698"	"S21313SL1"	"S21313SL1"	""	""	""	""	"2019-07-30 23:33"	"Prep -80 Freezer #3 - Shelf 1 - Tray 79"	"BSL10"	"7.E"	"606057"	"elab JSP"	""	""	"Collected"	""
"7318700"	"S21311SL1"	"S21311SL1"	""	""	""	""	"2019-07-30 23:33"	"Prep -80 Freezer #3 - Shelf 1 - Tray 79"	"BSL10"	"8.E"	"606057"	"elab JSP"	""	""	"Collected"	""
"7318703"	"S21315SL1"	"S21315SL1"	""	""	""	""	"2019-07-30 23:33"	"Prep -80 Freezer #3 - Shelf 1 - Tray 79"	"BSL10"	"9.E"	"606057"	"elab JSP"	""	""	"Collected"	""
"7318704"	"S21985SL1"	"S21985SL1"	""	""	""	""	"2019-07-30 23:33"	"Prep -80 Freezer #3 - Shelf 1 - Tray 79"	"BSL10"	"1.F"	"606057"	"elab JSP"	""	""	"Collected"	""
"7324790"	"S21868SL1"	"S21868SL1"	""	""	""	""	"2019-07-31 23:26"	"Prep -80 Freezer #3 - Shelf 1 - Tray 79"	"BSL10"	"1.G"	"606057"	"elab JSP"	""	""	"Collected"	""
"7324791"	"S21861SL1"	"S21861SL1"	""	""	""	""	"2019-07-31 23:26"	"Prep -80 Freezer #3 - Shelf 1 - Tray 79"	"BSL10"	"8.F"	"606057"	"elab JSP"	""	""	"Collected"	""
"7324793"	"S21863SL1"	"S21863SL1"	""	""	""	""	"2019-07-31 23:26"	"Prep -80 Freezer #3 - Shelf 1 - Tray 79"	"BSL10"	"2.G"	"606057"	"elab JSP"	""	""	"Collected"	""
"7324794"	"S21867SL1"	"S21867SL1"	""	""	""	""	"2019-07-31 23:26"	"Prep -80 Freezer #3 - Shelf 1 - Tray 79"	"BSL10"	"4.G"	"606057"	"elab JSP"	""	""	"Collected"	""
"7324796"	"S21990SL1"	"S21990SL1"	""	""	""	""	"2019-07-31 23:28"	"Prep -80 Freezer #3 - Shelf 1 - Tray 79"	"BSL10"	"5.F"	"606057"	"elab JSP"	""	""	"Collected"	""
"7324884"	"S21839SL1"	"S21839SL1"	""	""	""	""	"2019-08-01 00:03"	"Prep -80 Freezer #3 - Shelf 1 - Tray 79"	"BSL10"	"2.F"	"606057"	"elab JSP"	""	""	"Collected"	""
"7324886"	"S21838SL1"	"S21838SL1"	""	""	""	""	"2019-08-01 00:03"	"Prep -80 Freezer #3 - Shelf 1 - Tray 79"	"BSL10"	"3.F"	"606057"	"elab JSP"	""	""	"Collected"	""
"7324887"	"S21837SL1"	"S21837SL1"	""	""	""	""	"2019-08-01 00:03"	"Prep -80 Freezer #3 - Shelf 1 - Tray 79"	"BSL10"	"4.F"	"606057"	"elab JSP"	""	""	"Collected"	""
"7324890"	"S21832SL1"	"S21832SL1"	""	""	""	""	"2019-08-01 00:03"	"Prep -80 Freezer #3 - Shelf 1 - Tray 79"	"BSL10"	"6.F"	"606057"	"elab JSP"	""	""	"Collected"	""
"7324892"	"S21831SL1"	"S21831SL1"	""	""	""	""	"2019-08-01 00:03"	"Prep -80 Freezer #3 - Shelf 1 - Tray 79"	"BSL10"	"7.F"	"606057"	"elab JSP"	""	""	"Collected"	""
"7324895"	"S21835SL1"	"S21835SL1"	""	""	""	""	"2019-08-01 00:03"	"Prep -80 Freezer #3 - Shelf 1 - Tray 79"	"BSL10"	"9.F"	"606057"	"elab JSP"	""	""	"Collected"	""
"7324896"	"S21840SL1"	"S21840SL1"	""	""	""	""	"2019-08-01 00:03"	"Prep -80 Freezer #3 - Shelf 1 - Tray 79"	"BSL10"	"3.G"	"606057"	"elab JSP"	""	""	"Collected"	""
"7335944"	"S21869SL1"	"S21869SL1"	""	""	""	""	"2019-08-03 01:01"	"Prep -80 Freezer #3 - Shelf 1 - Tray 79"	"BSL10"	"6.G"	"606057"	"elab JSP"	""	""	"Collected"	""
"7335945"	"S21866SL1"	"S21866SL1"	""	""	""	""	"2019-08-03 01:01"	"Prep -80 Freezer #3 - Shelf 1 - Tray 79"	"BSL10"	"5.G"	"606057"	"elab JSP"	""	""	"Collected"	""
"7335947"	"S21435SL1"	"S21435SL1"	""	""	""	""	"2019-08-03 01:01"	"Prep -80 Freezer #3 - Shelf 1 - Tray 79"	"BSL10"	"7.G"	"606057"	"elab JSP"	""	""	"Collected"	""
"7335948"	"S21431SL1"	"S21431SL1"	""	""	""	""	"2019-08-03 01:01"	"Prep -80 Freezer #3 - Shelf 1 - Tray 79"	"BSL10"	"8.G"	"606057"	"elab JSP"	""	""	"Collected"	""
"7335950"	"S21433SL1"	"S21433SL1"	""	""	""	""	"2019-08-03 01:01"	"Prep -80 Freezer #3 - Shelf 1 - Tray 79"	"BSL10"	"9.G"	"606057"	"elab JSP"	""	""	"Collected"	""
"7346423"	"S21440SL1"	"S21440SL1"	""	""	""	""	"2019-08-07 00:45"	"Prep -80 Freezer #3 - Shelf 1 - Tray 79"	"BSL10"	"1.H"	"606057"	"elab JSP"	""	""	"Collected"	""
"7346424"	"S21994SL1"	"S21994SL1"	""	""	""	""	"2019-08-07 00:45"	"Prep -80 Freezer #3 - Shelf 1 - Tray 79"	"BSL10"	"2.H"	"606057"	"elab JSP"	""	""	"Collected"	""
"7346426"	"S21992SL1"	"S21992SL1"	""	""	""	""	"2019-08-07 00:45"	"Prep -80 Freezer #3 - Shelf 1 - Tray 79"	"BSL10"	"3.H"	"606057"	"elab JSP"	""	""	"Collected"	""
"7346429"	"S21995SL1"	"S21995SL1"	""	""	""	""	"2019-08-07 00:45"	"Prep -80 Freezer #3 - Shelf 1 - Tray 79"	"BSL10"	"4.H"	"606057"	"elab JSP"	""	""	"Collected"	""
"7356545"	"S21991SL1"	"S21991SL1"	""	""	""	""	"2019-08-08 02:17"	"Prep -80 Freezer #3 - Shelf 1 - Tray 79"	"BSL10"	"5.H"	"606057"	"elab JSP"	""	""	"Collected"	""
"7356546"	"S21828SL1"	"S21828SL1"	""	""	""	""	"2019-08-08 02:17"	"Prep -80 Freezer #3 - Shelf 1 - Tray 79"	"BSL10"	"6.H"	"606057"	"elab JSP"	""	""	"Collected"	""
"7356549"	"S21824SL1"	"S21824SL1"	""	""	""	""	"2019-08-08 02:17"	"Prep -80 Freezer #3 - Shelf 1 - Tray 79"	"BSL10"	"7.H"	"606057"	"elab JSP"	""	""	"Collected"	""
"7356551"	"S21821SL1"	"S21821SL1"	""	""	""	""	"2019-08-08 02:17"	"Prep -80 Freezer #3 - Shelf 1 - Tray 79"	"BSL10"	"9.H"	"606057"	"elab JSP"	""	""	"Collected"	""
"7356552"	"S21823SL1"	"S21823SL1"	""	""	""	""	"2019-08-08 02:17"	"Prep -80 Freezer #3 - Shelf 1 - Tray 79"	"BSL10"	"8.H"	"606057"	"elab JSP"	""	""	"Collected"	""
"7356554"	"S21825SL1"	"S21825SL1"	""	""	""	""	"2019-08-08 02:17"	"Prep -80 Freezer #3 - Shelf 1 - Tray 79"	"BSL10"	"1.I"	"606057"	"elab JSP"	""	""	"Collected"	""
"7356555"	"S22341SL1"	"S22341SL1"	""	""	""	""	"2019-08-08 02:17"	"Prep -80 Freezer #3 - Shelf 1 - Tray 79"	"BSL10"	"3.I"	"606057"	"elab JSP"	""	""	"Collected"	""
"7356557"	"S21361SL1"	"S21361SL1"	""	""	""	""	"2019-08-08 02:17"	"Prep -80 Freezer #3 - Shelf 1 - Tray 79"	"BSL10"	"2.I"	"606057"	"elab JSP"	""	""	"Collected"	""
"7372179"	"S21891SL1"	"S21891SL1"	""	""	""	""	"2019-08-09 22:11"	"Prep -80 Freezer #3 - Shelf 1 - Tray 79"	"BSL10"	"6.I"	"606057"	"elab JSP"	""	""	"Collected"	""
"7372181"	"S22371SL1"	"S22371SL1"	""	""	""	""	"2019-08-09 22:11"	"Prep -80 Freezer #3 - Shelf 1 - Tray 79"	"BSL10"	"4.I"	"606057"	"elab JSP"	""	""	"Collected"	""
"7372182"	"S21897SL1"	"S21897SL1"	""	""	""	""	"2019-08-09 22:11"	"Prep -80 Freezer #3 - Shelf 1 - Tray 79"	"BSL10"	"7.I"	"606057"	"elab JSP"	""	""	"Collected"	""
"7372184"	"S21896SL1"	"S21896SL1"	""	""	""	""	"2019-08-09 22:11"	"Prep -80 Freezer #3 - Shelf 1 - Tray 79"	"BSL10"	"8.I"	"606057"	"elab JSP"	""	""	"Collected"	""
"7372185"	"S21898SL1"	"S21898SL1"	""	""	""	""	"2019-08-09 22:11"	"Prep -80 Freezer #3 - Shelf 1 - Tray 80"	"BSL11"	"4.A"	"612953"	"elab JSP"	""	""	"Collected"	""
"7372187"	"S21892SL1"	"S21892SL1"	""	""	""	""	"2019-08-09 22:11"	"Prep -80 Freezer #3 - Shelf 1 - Tray 80"	"BSL11"	"2.A"	"612953"	"elab JSP"	""	""	"Collected"	""
"7372190"	"S21899SL1"	"S21899SL1"	""	""	""	""	"2019-08-09 22:11"	"Prep -80 Freezer #3 - Shelf 1 - Tray 80"	"BSL11"	"3.A"	"612953"	"elab JSP"	""	""	"Collected"	""
"7372191"	"S21894SL1"	"S21894SL1"	""	""	""	""	"2019-08-09 22:11"	"Prep -80 Freezer #3 - Shelf 1 - Tray 80"	"BSL11"	"5.A"	"612953"	"elab JSP"	""	""	"Collected"	""
"7372310"	"S20708SL1"	"S20708SL1"	""	""	""	""	"2019-08-09 23:19"	"Prep -80 Freezer #3 - Shelf 1 - Tray 79"	"BSL10"	"5.I"	"606057"	"elab JSP"	""	""	"Collected"	""
"7372313"	"S20706SL1"	"S20706SL1"	""	""	""	""	"2019-08-09 23:19"	"Prep -80 Freezer #3 - Shelf 1 - Tray 79"	"BSL10"	"9.I"	"606057"	"elab JSP"	""	""	"Collected"	""
"7372314"	"S20702SL1"	"S20702SL1"	""	""	""	""	"2019-08-09 23:19"	"Prep -80 Freezer #3 - Shelf 1 - Tray 80"	"BSL11"	"1.A"	"612953"	"elab JSP"	""	""	"Collected"	""
"7372317"	"S20709SL1"	"S20709SL1"	""	""	""	""	"2019-08-09 23:19"	"Prep -80 Freezer #3 - Shelf 1 - Tray 80"	"BSL11"	"6.A"	"612953"	"elab JSP"	""	""	"Collected"	""
"7372320"	"S20710SL1"	"S20710SL1"	""	""	""	""	"2019-08-09 23:19"	"Prep -80 Freezer #3 - Shelf 1 - Tray 80"	"BSL11"	"7.A"	"612953"	"elab JSP"	""	""	"Collected"	""
"7372323"	"S20704SL1"	"S20704SL1"	""	""	""	""	"2019-08-09 23:19"	"Prep -80 Freezer #3 - Shelf 1 - Tray 80"	"BSL11"	"8.A"	"612953"	"elab JSP"	""	""	"Collected"	""
"7388171"	"S21214SL1"	"S21214SL1"	""	""	""	""	"2019-08-14 00:14"	"Prep -80 Freezer #3 - Shelf 1 - Tray 80"	"BSL11"	"9.A"	"612953"	"elab JSP"	""	""	"Collected"	""
"7402839"	"S22234SL1"	"S22234SL1"	""	""	""	""	"2019-08-14 22:11"	"Prep -80 Freezer #3 - Shelf 1 - Tray 76"	"BSL9"	"6.I"	"600963"	"elab JSP"	""	""	"Collected"	""
"7402841"	"S22238SL1"	"S22238SL1"	""	""	""	""	"2019-08-14 22:11"	"Prep -80 Freezer #3 - Shelf 1 - Tray 76"	"BSL9"	"7.I"	"600963"	"elab JSP"	""	""	"Collected"	""
"7402941"	"S22300SL1"	"S22300SL1"	""	""	""	""	"2019-08-14 22:37"	"Prep -80 Freezer #3 - Shelf 1 - Tray 79"	"BSL10"	"6.B"	"606057"	"elab JSP"	""	""	"Collected"	""
"7402943"	"S22298SL1"	"S22298SL1"	""	""	""	""	"2019-08-14 22:37"	"Prep -80 Freezer #3 - Shelf 1 - Tray 79"	"BSL10"	"5.B"	"606057"	"elab JSP"	""	""	"Collected"	""
"7402944"	"S22299SL1"	"S22299SL1"	""	""	""	""	"2019-08-14 22:37"	"Prep -80 Freezer #3 - Shelf 1 - Tray 79"	"BSL10"	"8.B"	"606057"	"elab JSP"	""	""	"Collected"	""
"7402946"	"S22293SL1"	"S22293SL1"	""	""	""	""	"2019-08-14 22:37"	"Prep -80 Freezer #3 - Shelf 1 - Tray 79"	"BSL10"	"3.C"	"606057"	"elab JSP"	""	""	"Collected"	""
"7402947"	"S22291SL1"	"S22291SL1"	""	""	""	""	"2019-08-14 22:37"	"Prep -80 Freezer #3 - Shelf 1 - Tray 79"	"BSL10"	"1.C"	"606057"	"elab JSP"	""	""	"Collected"	""
"7402949"	"S22292SL1"	"S22292SL1"	""	""	""	""	"2019-08-14 22:37"	"Prep -80 Freezer #3 - Shelf 1 - Tray 79"	"BSL10"	"7.C"	"606057"	"elab JSP"	""	""	"Collected"	""
"7402950"	"S22297SL1"	"S22297SL1"	""	""	""	""	"2019-08-14 22:37"	"Prep -80 Freezer #3 - Shelf 1 - Tray 79"	"BSL10"	"1.D"	"606057"	"elab JSP"	""	""	"Collected"	""
"7402952"	"S22296SL1"	"S22296SL1"	""	""	""	""	"2019-08-14 22:37"	"Prep -80 Freezer #3 - Shelf 1 - Tray 79"	"BSL10"	"3.D"	"606057"	"elab JSP"	""	""	"Collected"	""
"7406369"	"S20712SL1"	"S20712SL1"	""	""	""	""	"2019-08-15 19:08"	"Prep -80 Freezer #3 - Shelf 1 - Tray 80"	"BSL11"	"1.B"	"612953"	"elab JSP"	""	""	"Collected"	""
"7406370"	"S20713SL1"	"S20713SL1"	""	""	""	""	"2019-08-15 19:08"	"Prep -80 Freezer #3 - Shelf 1 - Tray 80"	"BSL11"	"3.B"	"612953"	"elab JSP"	""	""	"Collected"	""
"7406372"	"S20719SL1"	"S20719SL1"	""	""	""	""	"2019-08-15 19:08"	"Prep -80 Freezer #3 - Shelf 1 - Tray 80"	"BSL11"	"2.B"	"612953"	"elab JSP"	""	""	"Collected"	""
"7406373"	"S20711SL1"	"S20711SL1"	""	""	""	""	"2019-08-15 19:08"	"Prep -80 Freezer #3 - Shelf 1 - Tray 80"	"BSL11"	"4.B"	"612953"	"elab JSP"	""	""	"Collected"	""
"7406376"	"S20717SL1"	"S20717SL1"	""	""	""	""	"2019-08-15 19:08"	"Prep -80 Freezer #3 - Shelf 1 - Tray 80"	"BSL11"	"5.B"	"612953"	"elab JSP"	""	""	"Collected"	""
"7419098"	"S20126SL1"	"S20126SL1"	""	""	""	""	"2019-08-19 16:37"	"Prep -80 Freezer #3 - Shelf 1 - Tray 80"	"BSL11"	"7.B"	"612953"	"elab JSP"	""	""	"Collected"	""
"7433537"	"S20050SL1"	"S20050SL1"	""	""	""	""	"2019-08-21 01:01"	"Prep -80 Freezer #3 - Shelf 1 - Tray 80"	"BSL11"	"5.C"	"612953"	"elab JSP"	""	""	"Collected"	""
"7433538"	"S20045SL1"	"S20045SL1"	""	""	""	""	"2019-08-21 01:01"	"Prep -80 Freezer #3 - Shelf 1 - Tray 80"	"BSL11"	"6.C"	"612953"	"elab JSP"	""	""	"Collected"	""
"7433540"	"S20048SL1"	"S20048SL1"	""	""	""	""	"2019-08-21 01:01"	"Prep -80 Freezer #3 - Shelf 1 - Tray 80"	"BSL11"	"8.C"	"612953"	"elab JSP"	""	""	"Collected"	""
"7433541"	"S20049SL1"	"S20049SL1"	""	""	""	""	"2019-08-21 01:01"	"Prep -80 Freezer #3 - Shelf 1 - Tray 80"	"BSL11"	"7.C"	"612953"	"elab JSP"	""	""	"Collected"	""
"7433544"	"S20042SL1"	"S20042SL1"	""	""	""	""	"2019-08-21 01:01"	"Prep -80 Freezer #3 - Shelf 1 - Tray 80"	"BSL11"	"9.C"	"612953"	"elab JSP"	""	""	"Collected"	""
"7433546"	"S20047SL1"	"S20047SL1"	""	""	""	""	"2019-08-21 01:01"	"Prep -80 Freezer #3 - Shelf 1 - Tray 80"	"BSL11"	"2.D"	"612953"	"elab JSP"	""	""	"Collected"	""
"7433547"	"S20041SL1"	"S20041SL1"	""	""	""	""	"2019-08-21 01:01"	"Prep -80 Freezer #3 - Shelf 1 - Tray 80"	"BSL11"	"1.D"	"612953"	"elab JSP"	""	""	"Collected"	""
"7433549"	"S20094SL1"	"S20094SL1"	""	""	""	""	"2019-08-21 01:01"	"Prep -80 Freezer #3 - Shelf 1 - Tray 80"	"BSL11"	"4.D"	"612953"	"elab JSP"	""	""	"Collected"	""
"7433550"	"S20046SL1"	"S20046SL1"	""	""	""	""	"2019-08-21 01:01"	"Prep -80 Freezer #3 - Shelf 1 - Tray 80"	"BSL11"	"3.D"	"612953"	"elab JSP"	""	""	"Collected"	""
"7433552"	"S20095SL1"	"S20095SL1"	""	""	""	""	"2019-08-21 01:01"	"Prep -80 Freezer #3 - Shelf 1 - Tray 80"	"BSL11"	"5.D"	"612953"	"elab JSP"	""	""	"Collected"	""
"7433697"	"S21609SL1"	"S21609SL1"	""	""	""	""	"2019-08-21 01:51"	"Prep -80 Freezer #3 - Shelf 1 - Tray 80"	"BSL11"	"8.B"	"612953"	"elab JSP"	""	""	"Collected"	""
"7433699"	"S21601SL1"	"S21601SL1"	""	""	""	""	"2019-08-21 01:51"	"Prep -80 Freezer #3 - Shelf 1 - Tray 80"	"BSL11"	"6.B"	"612953"	"elab JSP"	""	""	"Collected"	""
"7433700"	"S21606SL1"	"S21606SL1"	""	""	""	""	"2019-08-21 01:51"	"Prep -80 Freezer #3 - Shelf 1 - Tray 80"	"BSL11"	"9.B"	"612953"	"elab JSP"	""	""	"Collected"	""
"7433703"	"S21607SL1"	"S21607SL1"	""	""	""	""	"2019-08-21 01:51"	"Prep -80 Freezer #3 - Shelf 1 - Tray 80"	"BSL11"	"1.C"	"612953"	"elab JSP"	""	""	"Collected"	""
"7440258"	"S20140SL1"	"S20140SL1"	""	""	""	""	"2019-08-21 23:51"	"Prep -80 Freezer #3 - Shelf 1 - Tray 80"	"BSL11"	"5.E"	"612953"	"elab JSP"	""	""	"Collected"	""
"7440260"	"S20139SL1"	"S20139SL1"	""	""	""	""	"2019-08-21 23:51"	"Prep -80 Freezer #3 - Shelf 1 - Tray 80"	"BSL11"	"4.E"	"612953"	"elab JSP"	""	""	"Collected"	""
"7440261"	"S20135SL1"	"S20135SL1"	""	""	""	""	"2019-08-21 23:51"	"Prep -80 Freezer #3 - Shelf 1 - Tray 80"	"BSL11"	"9.E"	"612953"	"elab JSP"	""	""	"Collected"	""
"7440264"	"S20136SL1"	"S20136SL1"	""	""	""	""	"2019-08-21 23:51"	"Prep -80 Freezer #3 - Shelf 1 - Tray 80"	"BSL11"	"1.F"	"612953"	"elab JSP"	""	""	"Collected"	""
"7440432"	"S20092SL1"	"S20092SL1"	""	""	""	""	"2019-08-22 02:00"	"Prep -80 Freezer #3 - Shelf 1 - Tray 80"	"BSL11"	"9.D"	"612953"	"elab JSP"	""	""	"Collected"	""
"7440434"	"S20097SL1"	"S20097SL1"	""	""	""	""	"2019-08-22 02:00"	"Prep -80 Freezer #3 - Shelf 1 - Tray 80"	"BSL11"	"2.E"	"612953"	"elab JSP"	""	""	"Collected"	""
"7440435"	"S20099SL1"	"S20099SL1"	""	""	""	""	"2019-08-22 02:00"	"Prep -80 Freezer #3 - Shelf 1 - Tray 80"	"BSL11"	"3.E"	"612953"	"elab JSP"	""	""	"Collected"	""
"7440437"	"S20091SL1"	"S20091SL1"	""	""	""	""	"2019-08-22 02:00"	"Prep -80 Freezer #3 - Shelf 1 - Tray 80"	"BSL11"	"7.D"	"612953"	"elab JSP"	""	""	"Collected"	""
"7440438"	"S20106SL1"	"S20106SL1"	""	""	""	""	"2019-08-22 02:00"	"Prep -80 Freezer #3 - Shelf 1 - Tray 80"	"BSL11"	"7.E"	"612953"	"elab JSP"	""	""	"Collected"	""
"7440440"	"S20096SL1"	"S20096SL1"	""	""	""	""	"2019-08-22 02:00"	"Prep -80 Freezer #3 - Shelf 1 - Tray 80"	"BSL11"	"6.E"	"612953"	"elab JSP"	""	""	"Collected"	""
"7440441"	"S20107SL1"	"S20107SL1"	""	""	""	""	"2019-08-22 02:00"	"Prep -80 Freezer #3 - Shelf 1 - Tray 80"	"BSL11"	"8.E"	"612953"	"elab JSP"	""	""	"Collected"	""
"7441797"	"S20127SL1"	"S20127SL1"	""	""	""	""	"2019-08-22 19:03"	"Prep -80 Freezer #3 - Shelf 1 - Tray 80"	"BSL11"	"8.D"	"612953"	"elab JSP"	""	""	"Collected"	""
"7441799"	"S20121SL1"	"S20121SL1"	""	""	""	""	"2019-08-22 19:03"	"Prep -80 Freezer #3 - Shelf 1 - Tray 80"	"BSL11"	"6.D"	"612953"	"elab JSP"	""	""	"Collected"	""
"7441800"	"S20128SL1"	"S20128SL1"	""	""	""	""	"2019-08-22 19:03"	"Prep -80 Freezer #3 - Shelf 1 - Tray 80"	"BSL11"	"1.E"	"612953"	"elab JSP"	""	""	"Collected"	""
"7443557"	"S20350SL1"	"S20350SL1"	""	""	""	""	"2019-08-23 02:16"	"Prep -80 Freezer #3 - Shelf 1 - Tray 80"	"BSL11"	"4.F"	"612953"	"elab JSP"	""	""	"Collected"	""
"7443558"	"S20109SL1"	"S20109SL1"	""	""	""	""	"2019-08-23 02:16"	"Prep -80 Freezer #3 - Shelf 1 - Tray 80"	"BSL11"	"3.F"	"612953"	"elab JSP"	""	""	"Collected"	""
"7443560"	"S20103SL1"	"S20103SL1"	""	""	""	""	"2019-08-23 02:16"	"Prep -80 Freezer #3 - Shelf 1 - Tray 80"	"BSL11"	"2.F"	"612953"	"elab JSP"	""	""	"Collected"	""
"7443561"	"S20347SL1"	"S20347SL1"	""	""	""	""	"2019-08-23 02:16"	"Prep -80 Freezer #3 - Shelf 1 - Tray 80"	"BSL11"	"5.F"	"612953"	"elab JSP"	""	""	"Collected"	""
"7443564"	"S20341SL1"	"S20341SL1"	""	""	""	""	"2019-08-23 02:16"	"Prep -80 Freezer #3 - Shelf 1 - Tray 80"	"BSL11"	"6.F"	"612953"	"elab JSP"	""	""	"Collected"	""
"7446165"	"S20342SL1"	"S20342SL1"	""	""	""	""	"2019-08-23 21:00"	"Prep -80 Freezer #3 - Shelf 1 - Tray 80"	"BSL11"	"7.F"	"612953"	"elab JSP"	""	""	"Collected"	""
"7450598"	"S22553SL1"	"S22553SL1"	""	""	""	""	"2019-08-27 00:25"	"Prep -80 Freezer #3 - Shelf 1 - Tray 80"	"BSL11"	"1.G"	"612953"	"elab JSP"	""	""	"Collected"	""
"7450599"	"S22556SL1"	"S22556SL1"	""	""	""	""	"2019-08-27 00:25"	"Prep -80 Freezer #3 - Shelf 1 - Tray 80"	"BSL11"	"8.F"	"612953"	"elab JSP"	""	""	"Collected"	""
"7450602"	"S22558SL1"	"S22558SL1"	""	""	""	""	"2019-08-27 00:25"	"Prep -80 Freezer #3 - Shelf 1 - Tray 80"	"BSL11"	"9.F"	"612953"	"elab JSP"	""	""	"Collected"	""
"7450604"	"S22551SL1"	"S22551SL1"	""	""	""	""	"2019-08-27 00:25"	"Prep -80 Freezer #3 - Shelf 1 - Tray 80"	"BSL11"	"2.G"	"612953"	"elab JSP"	""	""	"Collected"	""
"7450607"	"S22552SL1"	"S22552SL1"	""	""	""	""	"2019-08-27 00:25"	"Prep -80 Freezer #3 - Shelf 1 - Tray 80"	"BSL11"	"3.G"	"612953"	"elab JSP"	""	""	"Collected"	""
"7450608"	"S22560SL1"	"S22560SL1"	""	""	""	""	"2019-08-27 00:25"	"Prep -80 Freezer #3 - Shelf 1 - Tray 80"	"BSL11"	"5.G"	"612953"	"elab JSP"	""	""	"Collected"	""
"7450610"	"S22559SL1"	"S22559SL1"	""	""	""	""	"2019-08-27 00:25"	"Prep -80 Freezer #3 - Shelf 1 - Tray 80"	"BSL11"	"4.G"	"612953"	"elab JSP"	""	""	"Collected"	""
"7450611"	"S22557SL1"	"S22557SL1"	""	""	""	""	"2019-08-27 00:25"	"Prep -80 Freezer #3 - Shelf 1 - Tray 80"	"BSL11"	"6.G"	"612953"	"elab JSP"	""	""	"Collected"	""
"7450614"	"S22555SL1"	"S22555SL1"	""	""	""	""	"2019-08-27 00:25"	"Prep -80 Freezer #3 - Shelf 1 - Tray 80"	"BSL11"	"7.G"	"612953"	"elab JSP"	""	""	"Collected"	""
"7458696"	"S20236SL1"	"S20236SL1"	""	""	""	""	"2019-08-28 01:11"	"Prep -80 Freezer #3 - Shelf 1 - Tray 80"	"BSL11"	"3.H"	"612953"	"elab JSP"	""	""	"Collected"	""
"7458698"	"S20233SL1"	"S20233SL1"	""	""	""	""	"2019-08-28 01:11"	"Prep -80 Freezer #3 - Shelf 1 - Tray 80"	"BSL11"	"6.H"	"612953"	"elab JSP"	""	""	"Collected"	""
"7458714"	"S20745SL1"	"S20745SL1"	""	""	""	""	"2019-08-28 01:12"	"Prep -80 Freezer #3 - Shelf 1 - Tray 80"	"BSL11"	"8.G"	"612953"	"elab JSP"	""	""	"Collected"	""
"7458716"	"S20744SL1"	"S20744SL1"	""	""	""	""	"2019-08-28 01:12"	"Prep -80 Freezer #3 - Shelf 1 - Tray 80"	"BSL11"	"1.H"	"612953"	"elab JSP"	""	""	"Collected"	""
"7458717"	"S20743SL1"	"S20743SL1"	""	""	""	""	"2019-08-28 01:12"	"Prep -80 Freezer #3 - Shelf 1 - Tray 80"	"BSL11"	"9.G"	"612953"	"elab JSP"	""	""	"Collected"	""
"7458719"	"S20749SL1"	"S20749SL1"	""	""	""	""	"2019-08-28 01:12"	"Prep -80 Freezer #3 - Shelf 1 - Tray 80"	"BSL11"	"2.H"	"612953"	"elab JSP"	""	""	"Collected"	""
"7458722"	"S20746SL1"	"S20746SL1"	""	""	""	""	"2019-08-28 01:12"	"Prep -80 Freezer #3 - Shelf 1 - Tray 80"	"BSL11"	"4.H"	"612953"	"elab JSP"	""	""	"Collected"	""
"7458723"	"S20742SL1"	"S20742SL1"	""	""	""	""	"2019-08-28 01:12"	"Prep -80 Freezer #3 - Shelf 1 - Tray 80"	"BSL11"	"5.H"	"612953"	"elab JSP"	""	""	"Collected"	""
"7458726"	"S20747SL1"	"S20747SL1"	""	""	""	""	"2019-08-28 01:12"	"Prep -80 Freezer #3 - Shelf 1 - Tray 80"	"BSL11"	"7.H"	"612953"	"elab JSP"	""	""	"Collected"	""
"7458728"	"S20748SL1"	"S20748SL1"	""	""	""	""	"2019-08-28 01:12"	"Prep -80 Freezer #3 - Shelf 1 - Tray 80"	"BSL11"	"8.H"	"612953"	"elab JSP"	""	""	"Collected"	""
"7458729"	"S20741SL1"	"S20741SL1"	""	""	""	""	"2019-08-28 01:12"	"Prep -80 Freezer #3 - Shelf 1 - Tray 80"	"BSL11"	"9.H"	"612953"	"elab JSP"	""	""	"Collected"	""
"7464147"	"S20207SL1"	"S20207SL1"	""	""	""	""	"2019-08-28 22:03"	"Prep -80 Freezer #3 - Shelf 1 - Tray 80"	"BSL11"	"9.I"	"612953"	"elab JSP"	""	""	"Collected"	""
"7464149"	"S20208SL1"	"S20208SL1"	""	""	""	""	"2019-08-28 22:03"	"Prep -80 Freezer #3 - Shelf 1 - Tray 80"	"BSL11"	"7.I"	"612953"	"elab JSP"	""	""	"Collected"	""
"7464152"	"S20206SL1"	"S20206SL1"	""	""	""	""	"2019-08-28 22:03"	"Prep -80 Freezer #3 - Shelf 1 - Tray 80"	"BSL11"	"8.I"	"612953"	"elab JSP"	""	""	"Collected"	""
"7464155"	"S20204SL1"	"S20204SL1"	""	""	""	""	"2019-08-28 22:03"	"Prep -80 Freezer #3 - Shelf 1 - Tray 81"	"BSL12"	"1.A"	"623517"	"elab JSP"	""	""	"Collected"	""
"7464219"	"S20228SL1"	"S20228SL1"	""	""	""	""	"2019-08-28 22:27"	"Prep -80 Freezer #3 - Shelf 1 - Tray 80"	"BSL11"	"1.I"	"612953"	"elab JSP"	""	""	"Collected"	""
"7464221"	"S20225SL1"	"S20225SL1"	""	""	""	""	"2019-08-28 22:27"	"Prep -80 Freezer #3 - Shelf 1 - Tray 80"	"BSL11"	"4.I"	"612953"	"elab JSP"	""	""	"Collected"	""
"7464600"	"S20336SL1"	"S20336SL1"	""	""	""	""	"2019-08-29 06:59"	"Prep -80 Freezer #3 - Shelf 1 - Tray 80"	"BSL11"	"2.I"	"612953"	"elab JSP"	""	""	"Collected"	""
"7464602"	"S20331SL1"	"S20331SL1"	""	""	""	""	"2019-08-29 06:59"	"Prep -80 Freezer #3 - Shelf 1 - Tray 80"	"BSL11"	"5.I"	"612953"	"elab JSP"	""	""	"Collected"	""
"7464603"	"S20333SL1"	"S20333SL1"	""	""	""	""	"2019-08-29 06:59"	"Prep -80 Freezer #3 - Shelf 1 - Tray 80"	"BSL11"	"3.I"	"612953"	"elab JSP"	""	""	"Collected"	""
"7464605"	"S20340SL1"	"S20340SL1"	""	""	""	""	"2019-08-29 06:59"	"Prep -80 Freezer #3 - Shelf 1 - Tray 80"	"BSL11"	"6.I"	"612953"	"elab JSP"	""	""	"Collected"	""
"7464608"	"S20335SL1"	"S20335SL1"	""	""	""	""	"2019-08-29 06:59"	"Prep -80 Freezer #3 - Shelf 1 - Tray 81"	"BSL12"	"2.A"	"623517"	"elab JSP"	""	""	"Collected"	""
"7464609"	"S20334SL1"	"S20334SL1"	""	""	""	""	"2019-08-29 06:59"	"Prep -80 Freezer #3 - Shelf 1 - Tray 81"	"BSL12"	"3.A"	"623517"	"elab JSP"	""	""	"Collected"	""
"7467690"	"S20222SL1"	"S20222SL1"	""	""	""	""	"2019-08-30 02:10"	"Prep -80 Freezer #3 - Shelf 1 - Tray 81"	"BSL12"	"6.A"	"623517"	"elab JSP"	""	""	"Collected"	""
"7467692"	"S20226SL1"	"S20226SL1"	""	""	""	""	"2019-08-30 02:10"	"Prep -80 Freezer #3 - Shelf 1 - Tray 81"	"BSL12"	"7.A"	"623517"	"elab JSP"	""	""	"Collected"	""
"7469784"	"S20330SL1"	"S20330SL1"	""	""	""	""	"2019-08-30 18:00"	"Prep -80 Freezer #3 - Shelf 1 - Tray 81"	"BSL12"	"4.A"	"623517"	"elab JSP"	""	""	"Collected"	""
"7469787"	"S20324SL1"	"S20324SL1"	""	""	""	""	"2019-08-30 18:00"	"Prep -80 Freezer #3 - Shelf 1 - Tray 81"	"BSL12"	"5.A"	"623517"	"elab JSP"	""	""	"Collected"	""
"7509236"	"S21857SL1"	"S21857SL1"	""	""	""	""	"2019-09-11 16:36"	"Prep -80 Freezer #3 - Shelf 1 - Tray 81"	"BSL12"	"8.A"	"623517"	"elab JSP"	""	""	"Collected"	""
"7509237"	"S21851SL1"	"S21851SL1"	""	""	""	""	"2019-09-11 16:36"	"Prep -80 Freezer #3 - Shelf 1 - Tray 81"	"BSL12"	"1.B"	"623517"	"elab JSP"	""	""	"Collected"	""
"7509240"	"S21860SL1"	"S21860SL1"	""	""	""	""	"2019-09-11 16:36"	"Prep -80 Freezer #3 - Shelf 1 - Tray 81"	"BSL12"	"9.A"	"623517"	"elab JSP"	""	""	"Collected"	""
"7509243"	"S21856SL1"	"S21856SL1"	""	""	""	""	"2019-09-11 16:36"	"Prep -80 Freezer #3 - Shelf 1 - Tray 81"	"BSL12"	"2.B"	"623517"	"elab JSP"	""	""	"Collected"	""
"7512665"	"S20612SL1"	"S20612SL1"	""	""	""	""	"2019-09-11 23:56"	"Prep -80 Freezer #3 - Shelf 1 - Tray 81"	"BSL12"	"3.B"	"623517"	"elab JSP"	""	""	"Collected"	""
"7512666"	"S20613SL1"	"S20613SL1"	""	""	""	""	"2019-09-11 23:56"	"Prep -80 Freezer #3 - Shelf 1 - Tray 81"	"BSL12"	"4.B"	"623517"	"elab JSP"	""	""	"Collected"	""
"7512668"	"S20619SL1"	"S20619SL1"	""	""	""	""	"2019-09-11 23:56"	"Prep -80 Freezer #3 - Shelf 1 - Tray 81"	"BSL12"	"6.B"	"623517"	"elab JSP"	""	""	"Collected"	""
"7512669"	"S20614SL1"	"S20614SL1"	""	""	""	""	"2019-09-11 23:56"	"Prep -80 Freezer #3 - Shelf 1 - Tray 81"	"BSL12"	"5.B"	"623517"	"elab JSP"	""	""	"Collected"	""
"7512671"	"S20618SL1"	"S20618SL1"	""	""	""	""	"2019-09-11 23:56"	"Prep -80 Freezer #3 - Shelf 1 - Tray 81"	"BSL12"	"7.B"	"623517"	"elab JSP"	""	""	"Collected"	""
"7521849"	"S20783SL1"	"S20783SL1"	""	""	""	""	"2019-09-13 16:01"	"Prep -80 Freezer #3 - Shelf 1 - Tray 81"	"BSL12"	"8.B"	"623517"	"elab JSP"	""	""	"Collected"	""
"7521852"	"S20031SL1"	"S20031SL1"	""	""	""	""	"2019-09-13 16:01"	"Prep -80 Freezer #3 - Shelf 1 - Tray 81"	"BSL12"	"9.B"	"623517"	"elab JSP"	""	""	"Collected"	""
"7531205"	"S20779SL1"	"S20779SL1"	""	""	""	""	"2019-09-17 15:06"	"Prep -80 Freezer #3 - Shelf 1 - Tray 81"	"BSL12"	"4.C"	"623517"	"elab JSP"	""	""	"Collected"	""
"7531208"	"S20778SL1"	"S20778SL1"	""	""	""	""	"2019-09-17 15:06"	"Prep -80 Freezer #3 - Shelf 1 - Tray 81"	"BSL12"	"5.C"	"623517"	"elab JSP"	""	""	"Collected"	""
"7536296"	"S20604SL1"	"S20604SL1"	""	""	""	""	"2019-09-18 15:19"	"Prep -80 Freezer #3 - Shelf 1 - Tray 81"	"BSL12"	"8.C"	"623517"	"elab JSP"	""	""	"Collected"	""
"7536297"	"S20283SL1"	"S20283SL1"	""	""	""	""	"2019-09-18 15:19"	"Prep -80 Freezer #3 - Shelf 1 - Tray 81"	"BSL12"	"3.D"	"623517"	"elab JSP"	""	""	"Collected"	""
"7536420"	"S20292SL1"	"S20292SL1"	""	""	""	""	"2019-09-18 15:46"	"Prep -80 Freezer #3 - Shelf 1 - Tray 81"	"BSL12"	"9.C"	"623517"	"elab JSP"	""	""	"Collected"	""
"7536423"	"S20291SL1"	"S20291SL1"	""	""	""	""	"2019-09-18 15:46"	"Prep -80 Freezer #3 - Shelf 1 - Tray 81"	"BSL12"	"2.D"	"623517"	"elab JSP"	""	""	"Collected"	""
"7536425"	"S20439SL1"	"S20439SL1"	""	""	""	""	"2019-09-18 15:46"	"Prep -80 Freezer #3 - Shelf 1 - Tray 81"	"BSL12"	"1.C"	"623517"	"elab JSP"	""	""	"Collected"	""
"7536426"	"S20297SL1"	"S20297SL1"	""	""	""	""	"2019-09-18 15:46"	"Prep -80 Freezer #3 - Shelf 1 - Tray 81"	"BSL12"	"1.D"	"623517"	"elab JSP"	""	""	"Collected"	""
"7536428"	"S20431SL1"	"S20431SL1"	""	""	""	""	"2019-09-18 15:46"	"Prep -80 Freezer #3 - Shelf 1 - Tray 81"	"BSL12"	"2.C"	"623517"	"elab JSP"	""	""	"Collected"	""
"7536429"	"S20435SL1"	"S20435SL1"	""	""	""	""	"2019-09-18 15:46"	"Prep -80 Freezer #3 - Shelf 1 - Tray 81"	"BSL12"	"3.C"	"623517"	"elab JSP"	""	""	"Collected"	""
"7536431"	"S20643SL1"	"S20643SL1"	""	""	""	""	"2019-09-18 15:46"	"Prep -80 Freezer #3 - Shelf 1 - Tray 81"	"BSL12"	"7.C"	"623517"	"elab JSP"	""	""	"Collected"	""
"7536432"	"S20642SL1"	"S20642SL1"	""	""	""	""	"2019-09-18 15:50"	"Prep -80 Freezer #3 - Shelf 1 - Tray 81"	"BSL12"	"6.C"	"623517"	"elab JSP"	""	""	"Collected"	""
"7542840"	"S20305SL1"	"S20305SL1"	""	""	""	""	"2019-09-19 15:26"	"Prep -80 Freezer #3 - Shelf 1 - Tray 81"	"BSL12"	"3.E"	"623517"	"elab JSP"	""	""	"Collected"	""
"7542842"	"S20287SL1"	"S20287SL1"	""	""	""	""	"2019-09-19 15:26"	"Prep -80 Freezer #3 - Shelf 1 - Tray 81"	"BSL12"	"7.D"	"623517"	"elab JSP"	""	""	"Collected"	""
"7542843"	"S20285SL1"	"S20285SL1"	""	""	""	""	"2019-09-19 15:26"	"Prep -80 Freezer #3 - Shelf 1 - Tray 81"	"BSL12"	"6.D"	"623517"	"elab JSP"	""	""	"Collected"	""
"7542845"	"S20762SL1"	"S20762SL1"	""	""	""	""	"2019-09-19 15:26"	"Prep -80 Freezer #3 - Shelf 1 - Tray 81"	"BSL12"	"5.E"	"623517"	"elab JSP"	""	""	"Collected"	""
"7542846"	"S20309SL1"	"S20309SL1"	""	""	""	""	"2019-09-19 15:26"	"Prep -80 Freezer #3 - Shelf 1 - Tray 81"	"BSL12"	"9.D"	"623517"	"elab JSP"	""	""	"Collected"	""
"7542848"	"S20289SL1"	"S20289SL1"	""	""	""	""	"2019-09-19 15:26"	"Prep -80 Freezer #3 - Shelf 1 - Tray 81"	"BSL12"	"4.D"	"623517"	"elab JSP"	""	""	"Collected"	""
"7542851"	"S20770SL1"	"S20770SL1"	""	""	""	""	"2019-09-19 15:26"	"Prep -80 Freezer #3 - Shelf 1 - Tray 81"	"BSL12"	"4.E"	"623517"	"elab JSP"	""	""	"Collected"	""
"7543028"	"S20457SL1"	"S20457SL1"	""	""	""	""	"2019-09-19 15:55"	"Prep -80 Freezer #3 - Shelf 1 - Tray 81"	"BSL12"	"1.E"	"623517"	"elab JSP"	""	""	"Collected"	""
"7543029"	"S20459SL1"	"S20459SL1"	""	""	""	""	"2019-09-19 15:55"	"Prep -80 Freezer #3 - Shelf 1 - Tray 81"	"BSL12"	"5.D"	"623517"	"elab JSP"	""	""	"Collected"	""
"7543031"	"S20456SL1"	"S20456SL1"	""	""	""	""	"2019-09-19 15:55"	"Prep -80 Freezer #3 - Shelf 1 - Tray 81"	"BSL12"	"8.D"	"623517"	"elab JSP"	""	""	"Collected"	""
"7543032"	"S20454SL1"	"S20454SL1"	""	""	""	""	"2019-09-19 15:55"	"Prep -80 Freezer #3 - Shelf 1 - Tray 81"	"BSL12"	"2.E"	"623517"	"elab JSP"	""	""	"Collected"	""
"7548117"	"S20470SL1"	"S20470SL1"	""	""	""	""	"2019-09-20 06:45"	"Prep -80 Freezer #3 - Shelf 1 - Tray 81"	"BSL12"	"6.E"	"623517"	"elab JSP"	""	""	"Collected"	""
"7548119"	"S20464SL1"	"S20464SL1"	""	""	""	""	"2019-09-20 06:45"	"Prep -80 Freezer #3 - Shelf 1 - Tray 81"	"BSL12"	"8.E"	"623517"	"elab JSP"	""	""	"Collected"	""
"7548120"	"S21636SL1"	"S21636SL1"	""	""	""	""	"2019-09-20 06:45"	"Prep -80 Freezer #3 - Shelf 1 - Tray 81"	"BSL12"	"3.F"	"623517"	"elab JSP"	""	""	"Collected"	""
"7548122"	"S21639SL1"	"S21639SL1"	""	""	""	""	"2019-09-20 06:45"	"Prep -80 Freezer #3 - Shelf 1 - Tray 81"	"BSL12"	"1.F"	"623517"	"elab JSP"	""	""	"Collected"	""
"7552001"	"S20765SL1"	"S20765SL1"	""	""	""	""	"2019-09-20 15:43"	"Prep -80 Freezer #3 - Shelf 1 - Tray 81"	"BSL12"	"7.E"	"623517"	"elab JSP"	""	""	"Collected"	""
"7552002"	"S20401SL1"	"S20401SL1"	""	""	""	""	"2019-09-20 15:43"	"Prep -80 Freezer #3 - Shelf 1 - Tray 81"	"BSL12"	"2.F"	"623517"	"elab JSP"	""	""	"Collected"	""
"7552004"	"S20639SL1"	"S20639SL1"	""	""	""	""	"2019-09-20 15:43"	"Prep -80 Freezer #3 - Shelf 1 - Tray 81"	"BSL12"	"9.E"	"623517"	"elab JSP"	""	""	"Collected"	""
"7586510"	"S21259SL1"	"S21259SL1"	""	""	""	""	"2019-09-28 00:17"	"Prep -80 Freezer #3 - Shelf 1 - Tray 81"	"BSL12"	"6.G"	"623517"	"elab JSP"	""	""	"Collected"	""
"7586511"	"S21253SL1"	"S21253SL1"	""	""	""	""	"2019-09-28 00:17"	"Prep -80 Freezer #3 - Shelf 1 - Tray 81"	"BSL12"	"3.G"	"623517"	"elab JSP"	""	""	"Collected"	""
"7586513"	"S21260SL1"	"S21260SL1"	""	""	""	""	"2019-09-28 00:17"	"Prep -80 Freezer #3 - Shelf 1 - Tray 81"	"BSL12"	"3.H"	"623517"	"elab JSP"	""	""	"Collected"	""
"7586514"	"S21256SL1"	"S21256SL1"	""	""	""	""	"2019-09-28 00:17"	"Prep -80 Freezer #3 - Shelf 1 - Tray 81"	"BSL12"	"9.G"	"623517"	"elab JSP"	""	""	"Collected"	""
"7586516"	"S21257SL1"	"S21257SL1"	""	""	""	""	"2019-09-28 00:17"	"Prep -80 Freezer #3 - Shelf 1 - Tray 81"	"BSL12"	"7.H"	"623517"	"elab JSP"	""	""	"Collected"	""
"7586517"	"S21252SL1"	"S21252SL1"	""	""	""	""	"2019-09-28 00:17"	"Prep -80 Freezer #3 - Shelf 1 - Tray 81"	"BSL12"	"9.H"	"623517"	"elab JSP"	""	""	"Collected"	""
"7586519"	"S21251SL1"	"S21251SL1"	""	""	""	""	"2019-09-28 00:17"	"Prep -80 Freezer #3 - Shelf 1 - Tray 81"	"BSL12"	"8.H"	"623517"	"elab JSP"	""	""	"Collected"	""
"7586520"	"S21309SL1"	"S21309SL1"	""	""	""	""	"2019-09-28 00:17"	"Prep -80 Freezer #3 - Shelf 1 - Tray 81"	"BSL12"	"2.I"	"623517"	"elab JSP"	""	""	"Collected"	""
"7586522"	"S21519SL1"	"S21519SL1"	""	""	""	""	"2019-09-28 00:17"	"Prep -80 Freezer #3 - Shelf 1 - Tray 81"	"BSL12"	"1.G"	"623517"	"elab JSP"	""	""	"Collected"	""
"7586523"	"S21515SL1"	"S21515SL1"	""	""	""	""	"2019-09-28 00:17"	"Prep -80 Freezer #3 - Shelf 1 - Tray 81"	"BSL12"	"5.G"	"623517"	"elab JSP"	""	""	"Collected"	""
"7586525"	"S21518SL1"	"S21518SL1"	""	""	""	""	"2019-09-28 00:17"	"Prep -80 Freezer #3 - Shelf 1 - Tray 81"	"BSL12"	"2.H"	"623517"	"elab JSP"	""	""	"Collected"	""
"7586526"	"S21514SL1"	"S21514SL1"	""	""	""	""	"2019-09-28 00:17"	"Prep -80 Freezer #3 - Shelf 1 - Tray 81"	"BSL12"	"8.G"	"623517"	"elab JSP"	""	""	"Collected"	""
"7586528"	"S21517SL1"	"S21517SL1"	""	""	""	""	"2019-09-28 00:17"	"Prep -80 Freezer #3 - Shelf 1 - Tray 81"	"BSL12"	"4.H"	"623517"	"elab JSP"	""	""	"Collected"	""
"7586529"	"S21516SL1"	"S21516SL1"	""	""	""	""	"2019-09-28 00:17"	"Prep -80 Freezer #3 - Shelf 1 - Tray 81"	"BSL12"	"6.H"	"623517"	"elab JSP"	""	""	"Collected"	""
"7586531"	"S20997SL1"	"S20997SL1"	""	""	""	""	"2019-09-28 00:17"	"Prep -80 Freezer #3 - Shelf 1 - Tray 81"	"BSL12"	"4.I"	"623517"	"elab JSP"	""	""	"Collected"	""
"7586532"	"S21512SL1"	"S21512SL1"	""	""	""	""	"2019-09-28 00:17"	"Prep -80 Freezer #3 - Shelf 1 - Tray 81"	"BSL12"	"1.I"	"623517"	"elab JSP"	""	""	"Collected"	""
"7586534"	"S20998SL1"	"S20998SL1"	""	""	""	""	"2019-09-28 00:17"	"Prep -80 Freezer #3 - Shelf 1 - Tray 81"	"BSL12"	"5.I"	"623517"	"elab JSP"	""	""	"Collected"	""
"7586535"	"S21308SL1"	"S21308SL1"	""	""	""	""	"2019-09-28 00:17"	"Prep -80 Freezer #3 - Shelf 1 - Tray 81"	"BSL12"	"7.I"	"623517"	"elab JSP"	""	""	"Collected"	""
"7586537"	"S20995SL1"	"S20995SL1"	""	""	""	""	"2019-09-28 00:17"	"Prep -80 Freezer #3 - Shelf 1 - Tray 81"	"BSL12"	"6.I"	"623517"	"elab JSP"	""	""	"Collected"	""
"7586538"	"S21305SL1"	"S21305SL1"	""	""	""	""	"2019-09-28 00:17"	"Prep -80 Freezer #3 - Shelf 1 - Tray 81"	"BSL12"	"9.I"	"623517"	"elab JSP"	""	""	"Collected"	""
"7586541"	"S20991SL1"	"S20991SL1"	""	""	""	""	"2019-09-28 00:17"	"Prep -80 Freezer #3 - Shelf 1 - Tray 81"	"BSL12"	"8.I"	"623517"	"elab JSP"	""	""	"Collected"	""
"7586864"	"S21346SL1"	"S21346SL1"	""	""	""	""	"2019-09-28 06:53"	"Prep -80 Freezer #3 - Shelf 1 - Tray 81"	"BSL12"	"4.F"	"623517"	"elab JSP"	""	""	"Collected"	""
"7586865"	"S21345SL1"	"S21345SL1"	""	""	""	""	"2019-09-28 06:53"	"Prep -80 Freezer #3 - Shelf 1 - Tray 81"	"BSL12"	"6.F"	"623517"	"elab JSP"	""	""	"Collected"	""
"7586867"	"S21350SL1"	"S21350SL1"	""	""	""	""	"2019-09-28 06:53"	"Prep -80 Freezer #3 - Shelf 1 - Tray 81"	"BSL12"	"5.F"	"623517"	"elab JSP"	""	""	"Collected"	""
"7586868"	"S21348SL1"	"S21348SL1"	""	""	""	""	"2019-09-28 06:53"	"Prep -80 Freezer #3 - Shelf 1 - Tray 81"	"BSL12"	"7.F"	"623517"	"elab JSP"	""	""	"Collected"	""
"7586870"	"S21341SL1"	"S21341SL1"	""	""	""	""	"2019-09-28 06:53"	"Prep -80 Freezer #3 - Shelf 1 - Tray 81"	"BSL12"	"8.F"	"623517"	"elab JSP"	""	""	"Collected"	""
"7586871"	"S21342SL1"	"S21342SL1"	""	""	""	""	"2019-09-28 06:53"	"Prep -80 Freezer #3 - Shelf 1 - Tray 81"	"BSL12"	"2.G"	"623517"	"elab JSP"	""	""	"Collected"	""
"7586873"	"S21344SL1"	"S21344SL1"	""	""	""	""	"2019-09-28 06:53"	"Prep -80 Freezer #3 - Shelf 1 - Tray 81"	"BSL12"	"9.F"	"623517"	"elab JSP"	""	""	"Collected"	""
"7586874"	"S21349SL1"	"S21349SL1"	""	""	""	""	"2019-09-28 06:53"	"Prep -80 Freezer #3 - Shelf 1 - Tray 81"	"BSL12"	"4.G"	"623517"	"elab JSP"	""	""	"Collected"	""
"7586876"	"S21347SL1"	"S21347SL1"	""	""	""	""	"2019-09-28 06:53"	"Prep -80 Freezer #3 - Shelf 1 - Tray 81"	"BSL12"	"7.G"	"623517"	"elab JSP"	""	""	"Collected"	""
"7586877"	"S21343SL1"	"S21343SL1"	""	""	""	""	"2019-09-28 06:53"	"Prep -80 Freezer #3 - Shelf 1 - Tray 81"	"BSL12"	"1.H"	"623517"	"elab JSP"	""	""	"Collected"	""
"7586879"	"S21024SL1"	"S21024SL1"	""	""	""	""	"2019-09-28 06:53"	"Prep -80 Freezer #3 - Shelf 1 - Tray 81"	"BSL12"	"3.I"	"623517"	"elab JSP"	""	""	"Collected"	""
"7586880"	"S21030SL1"	"S21030SL1"	""	""	""	""	"2019-09-28 06:53"	"Prep -80 Freezer #3 - Shelf 1 - Tray 81"	"BSL12"	"5.H"	"623517"	"elab JSP"	""	""	"Collected"	""
"7595160"	"S20848SL1"	"S20848SL1"	""	""	""	""	"2019-10-01 00:42"	"Prep -80 Freezer #3 - Shelf 1 - Tray A5"	"BSL13"	"4.A"	"638897"	"elab JSP"	""	""	"Collected"	""
"7595162"	"S20845SL1"	"S20845SL1"	""	""	""	""	"2019-10-01 00:42"	"Prep -80 Freezer #3 - Shelf 1 - Tray A5"	"BSL13"	"3.A"	"638897"	"elab JSP"	""	""	"Collected"	""
"7595163"	"S20850SL1"	"S20850SL1"	""	""	""	""	"2019-10-01 00:42"	"Prep -80 Freezer #3 - Shelf 1 - Tray A5"	"BSL13"	"5.A"	"638897"	"elab JSP"	""	""	"Collected"	""
"7595165"	"S20842SL1"	"S20842SL1"	""	""	""	""	"2019-10-01 00:42"	"Prep -80 Freezer #3 - Shelf 1 - Tray A5"	"BSL13"	"7.A"	"638897"	"elab JSP"	""	""	"Collected"	""
"7595166"	"S20843SL1"	"S20843SL1"	""	""	""	""	"2019-10-01 00:42"	"Prep -80 Freezer #3 - Shelf 1 - Tray A5"	"BSL13"	"6.A"	"638897"	"elab JSP"	""	""	"Collected"	""
"7595168"	"S21155SL1"	"S21155SL1"	""	""	""	""	"2019-10-01 00:42"	"Prep -80 Freezer #3 - Shelf 1 - Tray A5"	"BSL13"	"8.A"	"638897"	"elab JSP"	""	""	"Collected"	""
"7595169"	"S21151SL1"	"S21151SL1"	""	""	""	""	"2019-10-01 00:42"	"Prep -80 Freezer #3 - Shelf 1 - Tray A5"	"BSL13"	"9.A"	"638897"	"elab JSP"	""	""	"Collected"	""
"7595190"	"S21398SL1"	"S21398SL1"	""	""	""	""	"2019-10-01 00:46"	"Prep -80 Freezer #3 - Shelf 1 - Tray A5"	"BSL13"	"2.A"	"638897"	"elab JSP"	""	""	"Collected"	""
"7595192"	"S21381SL1"	"S21381SL1"	""	""	""	""	"2019-10-01 00:46"	"Prep -80 Freezer #3 - Shelf 1 - Tray A5"	"BSL13"	"1.A"	"638897"	"elab JSP"	""	""	"Collected"	""
"7602489"	"S21391SL1"	"S21391SL1"	""	""	""	""	"2019-10-02 00:34"	"Prep -80 Freezer #3 - Shelf 1 - Tray A5"	"BSL13"	"5.B"	"638897"	"elab JSP"	""	""	"Collected"	""
"7602491"	"S21392SL1"	"S21392SL1"	""	""	""	""	"2019-10-02 00:34"	"Prep -80 Freezer #3 - Shelf 1 - Tray A5"	"BSL13"	"3.B"	"638897"	"elab JSP"	""	""	"Collected"	""
"7602494"	"S21394SL1"	"S21394SL1"	""	""	""	""	"2019-10-02 00:34"	"Prep -80 Freezer #3 - Shelf 1 - Tray A5"	"BSL13"	"8.B"	"638897"	"elab JSP"	""	""	"Collected"	""
"7602495"	"S21396SL1"	"S21396SL1"	""	""	""	""	"2019-10-02 00:34"	"Prep -80 Freezer #3 - Shelf 1 - Tray A5"	"BSL13"	"4.C"	"638897"	"elab JSP"	""	""	"Collected"	""
"7602497"	"S21395SL1"	"S21395SL1"	""	""	""	""	"2019-10-02 00:34"	"Prep -80 Freezer #3 - Shelf 1 - Tray A5"	"BSL13"	"2.C"	"638897"	"elab JSP"	""	""	"Collected"	""
"7602498"	"S21400SL1"	"S21400SL1"	""	""	""	""	"2019-10-02 00:34"	"Prep -80 Freezer #3 - Shelf 1 - Tray A5"	"BSL13"	"6.C"	"638897"	"elab JSP"	""	""	"Collected"	""
"7602500"	"S21397SL1"	"S21397SL1"	""	""	""	""	"2019-10-02 00:34"	"Prep -80 Freezer #3 - Shelf 1 - Tray A5"	"BSL13"	"1.D"	"638897"	"elab JSP"	""	""	"Collected"	""
"7602501"	"S21399SL1"	"S21399SL1"	""	""	""	""	"2019-10-02 00:34"	"Prep -80 Freezer #3 - Shelf 1 - Tray A5"	"BSL13"	"8.C"	"638897"	"elab JSP"	""	""	"Collected"	""
"7604942"	"S21099SL1"	"S21099SL1"	""	""	""	""	"2019-10-02 16:49"	"Prep -80 Freezer #3 - Shelf 1 - Tray A5"	"BSL13"	"2.B"	"638897"	"elab JSP"	""	""	"Collected"	""
"7604943"	"S21093SL1"	"S21093SL1"	""	""	""	""	"2019-10-02 16:49"	"Prep -80 Freezer #3 - Shelf 1 - Tray A5"	"BSL13"	"5.C"	"638897"	"elab JSP"	""	""	"Collected"	""
"7604945"	"S21091SL1"	"S21091SL1"	""	""	""	""	"2019-10-02 16:49"	"Prep -80 Freezer #3 - Shelf 1 - Tray A5"	"BSL13"	"9.B"	"638897"	"elab JSP"	""	""	"Collected"	""
"7604948"	"S21092SL1"	"S21092SL1"	""	""	""	""	"2019-10-02 16:49"	"Prep -80 Freezer #3 - Shelf 1 - Tray A5"	"BSL13"	"6.B"	"638897"	"elab JSP"	""	""	"Collected"	""
"7611654"	"S21157SL1"	"S21157SL1"	""	""	""	""	"2019-10-03 15:31"	"Prep -80 Freezer #3 - Shelf 1 - Tray A5"	"BSL13"	"1.B"	"638897"	"elab JSP"	""	""	"Collected"	""
"7611656"	"S21154SL1"	"S21154SL1"	""	""	""	""	"2019-10-03 15:31"	"Prep -80 Freezer #3 - Shelf 1 - Tray A5"	"BSL13"	"7.B"	"638897"	"elab JSP"	""	""	"Collected"	""
"7611657"	"S21156SL1"	"S21156SL1"	""	""	""	""	"2019-10-03 15:31"	"Prep -80 Freezer #3 - Shelf 1 - Tray A5"	"BSL13"	"4.B"	"638897"	"elab JSP"	""	""	"Collected"	""
"7611659"	"S21153SL1"	"S21153SL1"	""	""	""	""	"2019-10-03 15:31"	"Prep -80 Freezer #3 - Shelf 1 - Tray A5"	"BSL13"	"1.C"	"638897"	"elab JSP"	""	""	"Collected"	""
"7611660"	"S21159SL1"	"S21159SL1"	""	""	""	""	"2019-10-03 15:31"	"Prep -80 Freezer #3 - Shelf 1 - Tray A5"	"BSL13"	"3.C"	"638897"	"elab JSP"	""	""	"Collected"	""
"7611662"	"S21158SL1"	"S21158SL1"	""	""	""	""	"2019-10-03 15:31"	"Prep -80 Freezer #3 - Shelf 1 - Tray A5"	"BSL13"	"7.C"	"638897"	"elab JSP"	""	""	"Collected"	""
"7611665"	"S21152SL1"	"S21152SL1"	""	""	""	""	"2019-10-03 15:31"	"Prep -80 Freezer #3 - Shelf 1 - Tray A5"	"BSL13"	"9.C"	"638897"	"elab JSP"	""	""	"Collected"	""
"7617692"	"S20977SL1"	"S20977SL1"	""	""	""	""	"2019-10-04 01:18"	"Prep -80 Freezer #3 - Shelf 1 - Tray A5"	"BSL13"	"7.D"	"638897"	"elab JSP"	""	""	"Collected"	""
"7617695"	"S20971SL1"	"S20971SL1"	""	""	""	""	"2019-10-04 01:18"	"Prep -80 Freezer #3 - Shelf 1 - Tray A5"	"BSL13"	"4.D"	"638897"	"elab JSP"	""	""	"Collected"	""
"7617696"	"S20974SL1"	"S20974SL1"	""	""	""	""	"2019-10-04 01:18"	"Prep -80 Freezer #3 - Shelf 1 - Tray A5"	"BSL13"	"1.E"	"638897"	"elab JSP"	""	""	"Collected"	""
"7617698"	"S20978SL1"	"S20978SL1"	""	""	""	""	"2019-10-04 01:18"	"Prep -80 Freezer #3 - Shelf 1 - Tray A5"	"BSL13"	"9.D"	"638897"	"elab JSP"	""	""	"Collected"	""
"7617699"	"S20980SL1"	"S20980SL1"	""	""	""	""	"2019-10-04 01:18"	"Prep -80 Freezer #3 - Shelf 1 - Tray A5"	"BSL13"	"2.E"	"638897"	"elab JSP"	""	""	"Collected"	""
"7617702"	"S20518SL1"	"S20518SL1"	""	""	""	""	"2019-10-04 01:18"	"Prep -80 Freezer #3 - Shelf 1 - Tray A5"	"BSL13"	"3.E"	"638897"	"elab JSP"	""	""	"Collected"	""
"7617704"	"S20514SL1"	"S20514SL1"	""	""	""	""	"2019-10-04 01:18"	"Prep -80 Freezer #3 - Shelf 1 - Tray A5"	"BSL13"	"5.E"	"638897"	"elab JSP"	""	""	"Collected"	""
"7617705"	"S20517SL1"	"S20517SL1"	""	""	""	""	"2019-10-04 01:18"	"Prep -80 Freezer #3 - Shelf 1 - Tray A5"	"BSL13"	"4.E"	"638897"	"elab JSP"	""	""	"Collected"	""
"7617707"	"S20892SL1"	"S20892SL1"	""	""	""	""	"2019-10-04 01:18"	"Prep -80 Freezer #3 - Shelf 1 - Tray A5"	"BSL13"	"2.D"	"638897"	"elab JSP"	""	""	"Collected"	""
"7617708"	"S20894SL1"	"S20894SL1"	""	""	""	""	"2019-10-04 01:18"	"Prep -80 Freezer #3 - Shelf 1 - Tray A5"	"BSL13"	"5.D"	"638897"	"elab JSP"	""	""	"Collected"	""
"7617710"	"S20893SL1"	"S20893SL1"	""	""	""	""	"2019-10-04 01:18"	"Prep -80 Freezer #3 - Shelf 1 - Tray A5"	"BSL13"	"3.D"	"638897"	"elab JSP"	""	""	"Collected"	""
"7617711"	"S20891SL1"	"S20891SL1"	""	""	""	""	"2019-10-04 01:18"	"Prep -80 Freezer #3 - Shelf 1 - Tray A5"	"BSL13"	"6.D"	"638897"	"elab JSP"	""	""	"Collected"	""
"7617713"	"S20900SL1"	"S20900SL1"	""	""	""	""	"2019-10-04 01:18"	"Prep -80 Freezer #3 - Shelf 1 - Tray A5"	"BSL13"	"8.D"	"638897"	"elab JSP"	""	""	"Collected"	""
"7624796"	"S20574SL1"	"S20574SL1"	""	""	""	""	"2019-10-05 01:13"	"Prep -80 Freezer #3 - Shelf 1 - Tray A5"	"BSL13"	"8.E"	"638897"	"elab JSP"	""	""	"Collected"	""
"7624797"	"S21673SL1"	"S21673SL1"	""	""	""	""	"2019-10-05 01:13"	"Prep -80 Freezer #3 - Shelf 1 - Tray A5"	"BSL13"	"6.E"	"638897"	"elab JSP"	""	""	"Collected"	""
"7624800"	"S20577SL1"	"S20577SL1"	""	""	""	""	"2019-10-05 01:13"	"Prep -80 Freezer #3 - Shelf 1 - Tray A5"	"BSL13"	"7.E"	"638897"	"elab JSP"	""	""	"Collected"	""
"7624802"	"S20515SL1"	"S20515SL1"	""	""	""	""	"2019-10-05 01:13"	"Prep -80 Freezer #3 - Shelf 1 - Tray A5"	"BSL13"	"9.E"	"638897"	"elab JSP"	""	""	"Collected"	""
"7624803"	"S20519SL1"	"S20519SL1"	""	""	""	""	"2019-10-05 01:13"	"Prep -80 Freezer #3 - Shelf 1 - Tray A5"	"BSL13"	"1.F"	"638897"	"elab JSP"	""	""	"Collected"	""
"7626243"	"S20578SL1"	"S20578SL1"	""	""	""	""	"2019-10-06 00:22"	"Prep -80 Freezer #3 - Shelf 1 - Tray A5"	"BSL13"	"2.F"	"638897"	"elab JSP"	""	""	"Collected"	""
"7626246"	"S20572SL1"	"S20572SL1"	""	""	""	""	"2019-10-06 00:22"	"Prep -80 Freezer #3 - Shelf 1 - Tray A5"	"BSL13"	"3.F"	"638897"	"elab JSP"	""	""	"Collected"	""
"7626249"	"S20571SL1"	"S20571SL1"	""	""	""	""	"2019-10-06 00:22"	"Prep -80 Freezer #3 - Shelf 1 - Tray A5"	"BSL13"	"4.F"	"638897"	"elab JSP"	""	""	"Collected"	""
"7626251"	"S20051SL1"	"S20051SL1"	""	""	""	""	"2019-10-06 00:22"	"Prep -80 Freezer #3 - Shelf 1 - Tray A5"	"BSL13"	"6.F"	"638897"	"elab JSP"	""	""	"Collected"	""
"7626252"	"S20059SL1"	"S20059SL1"	""	""	""	""	"2019-10-06 00:22"	"Prep -80 Freezer #3 - Shelf 1 - Tray A5"	"BSL13"	"5.F"	"638897"	"elab JSP"	""	""	"Collected"	""
"7643297"	"S20721SL1"	"S20721SL1"	""	""	""	""	"2019-10-08 22:47"	"Prep -80 Freezer #3 - Shelf 1 - Tray A5"	"BSL13"	"8.F"	"638897"	"elab JSP"	""	""	"Collected"	""
"7643300"	"S20052SL1"	"S20052SL1"	""	""	""	""	"2019-10-08 22:47"	"Prep -80 Freezer #3 - Shelf 1 - Tray A5"	"BSL13"	"7.F"	"638897"	"elab JSP"	""	""	"Collected"	""
"7643301"	"S21697SL1"	"S21697SL1"	""	""	""	""	"2019-10-08 22:47"	"Prep -80 Freezer #3 - Shelf 1 - Tray A5"	"BSL13"	"1.G"	"638897"	"elab JSP"	""	""	"Collected"	""
"7643303"	"S21700SL1"	"S21700SL1"	""	""	""	""	"2019-10-08 22:47"	"Prep -80 Freezer #3 - Shelf 1 - Tray A5"	"BSL13"	"9.F"	"638897"	"elab JSP"	""	""	"Collected"	""
"7643304"	"S21696SL1"	"S21696SL1"	""	""	""	""	"2019-10-08 22:47"	"Prep -80 Freezer #3 - Shelf 1 - Tray A5"	"BSL13"	"2.G"	"638897"	"elab JSP"	""	""	"Collected"	""
"7643306"	"S20623SL1"	"S20623SL1"	""	""	""	""	"2019-10-08 22:47"	"Prep -80 Freezer #3 - Shelf 1 - Tray A5"	"BSL13"	"4.G"	"638897"	"elab JSP"	""	""	"Collected"	""
"7643307"	"S21695SL1"	"S21695SL1"	""	""	""	""	"2019-10-08 22:47"	"Prep -80 Freezer #3 - Shelf 1 - Tray A5"	"BSL13"	"3.G"	"638897"	"elab JSP"	""	""	"Collected"	""
"7650680"	"S20015SL1"	"S20015SL1"	""	""	""	""	"2019-10-10 00:57"	"Prep -80 Freezer #3 - Shelf 1 - Tray A5"	"BSL13"	"5.G"	"638897"	"elab JSP"	""	""	"Collected"	""
"7650681"	"S20661SL1"	"S20661SL1"	""	""	""	""	"2019-10-10 00:57"	"Prep -80 Freezer #3 - Shelf 1 - Tray A5"	"BSL13"	"7.G"	"638897"	"elab JSP"	""	""	"Collected"	""
"7650683"	"S20019SL1"	"S20019SL1"	""	""	""	""	"2019-10-10 00:57"	"Prep -80 Freezer #3 - Shelf 1 - Tray A5"	"BSL13"	"6.G"	"638897"	"elab JSP"	""	""	"Collected"	""
"7660002"	"S20196SL1"	"S20196SL1"	""	""	""	""	"2019-10-12 00:43"	"Prep -80 Freezer #3 - Shelf 1 - Tray A5"	"BSL13"	"5.H"	"638897"	"elab JSP"	""	""	"Collected"	""
"7660004"	"S21326SL1"	"S21326SL1"	""	""	""	""	"2019-10-12 00:43"	"Prep -80 Freezer #3 - Shelf 1 - Tray A5"	"BSL13"	"7.H"	"638897"	"elab JSP"	""	""	"Collected"	""
"7660005"	"S21327SL1"	"S21327SL1"	""	""	""	""	"2019-10-12 00:43"	"Prep -80 Freezer #3 - Shelf 1 - Tray A5"	"BSL13"	"3.I"	"638897"	"elab JSP"	""	""	"Collected"	""
"7660007"	"S21325SL1"	"S21325SL1"	""	""	""	""	"2019-10-12 00:43"	"Prep -80 Freezer #3 - Shelf 1 - Tray A5"	"BSL13"	"9.H"	"638897"	"elab JSP"	""	""	"Collected"	""
"7660008"	"S20492SL1"	"S20492SL1"	""	""	""	""	"2019-10-12 00:43"	"Prep -80 Freezer #3 - Shelf 1 - Tray A5"	"BSL13"	"6.H"	"638897"	"elab JSP"	""	""	"Collected"	""
"7660010"	"S21329SL1"	"S21329SL1"	""	""	""	""	"2019-10-12 00:43"	"Prep -80 Freezer #3 - Shelf 1 - Tray A5"	"BSL13"	"8.I"	"638897"	"elab JSP"	""	""	"Collected"	""
"7660011"	"S21508SL1"	"S21508SL1"	""	""	""	""	"2019-10-12 00:43"	"Prep -80 Freezer #3 - Shelf 1 - Tray A5"	"BSL13"	"8.H"	"638897"	"elab JSP"	""	""	"Collected"	""
"7660013"	"S21504SL1"	"S21504SL1"	""	""	""	""	"2019-10-12 00:43"	"Prep -80 Freezer #3 - Shelf 1 - Tray A5"	"BSL13"	"1.I"	"638897"	"elab JSP"	""	""	"Collected"	""
"7660014"	"S21501SL1"	"S21501SL1"	""	""	""	""	"2019-10-12 00:43"	"Prep -80 Freezer #3 - Shelf 1 - Tray A5"	"BSL13"	"2.I"	"638897"	"elab JSP"	""	""	"Collected"	""
"7660016"	"S21507SL1"	"S21507SL1"	""	""	""	""	"2019-10-12 00:43"	"Prep -80 Freezer #3 - Shelf 1 - Tray A5"	"BSL13"	"4.I"	"638897"	"elab JSP"	""	""	"Collected"	""
"7660017"	"S21505SL1"	"S21505SL1"	""	""	""	""	"2019-10-12 00:43"	"Prep -80 Freezer #3 - Shelf 1 - Tray A5"	"BSL13"	"6.I"	"638897"	"elab JSP"	""	""	"Collected"	""
"7660019"	"S21506SL1"	"S21506SL1"	""	""	""	""	"2019-10-12 00:43"	"Prep -80 Freezer #3 - Shelf 1 - Tray A5"	"BSL13"	"5.I"	"638897"	"elab JSP"	""	""	"Collected"	""
"7660020"	"S21502SL1"	"S21502SL1"	""	""	""	""	"2019-10-12 00:43"	"Prep -80 Freezer #3 - Shelf 1 - Tray A5"	"BSL13"	"7.I"	"638897"	"elab JSP"	""	""	"Collected"	""
"7660023"	"S21509SL1"	"S21509SL1"	""	""	""	""	"2019-10-12 00:43"	"Prep -80 Freezer #3 - Shelf 1 - Tray A5"	"BSL13"	"9.I"	"638897"	"elab JSP"	""	""	"Collected"	""
"7660025"	"S20495SL1"	"S20495SL1"	""	""	""	""	"2019-10-12 00:47"	"Prep -80 Freezer #3 - Shelf 1 - Tray A5"	"BSL13"	"4.H"	"638897"	"elab JSP"	""	""	"Collected"	""
"7660026"	"S21291SL1"	"S21291SL1"	""	""	""	""	"2019-10-12 00:47"	"Prep -80 Freezer #3 - Shelf 1 - Tray A5"	"BSL13"	"8.G"	"638897"	"elab JSP"	""	""	"Collected"	""
"7660028"	"S20902SL1"	"S20902SL1"	""	""	""	""	"2019-10-12 00:47"	"Prep -80 Freezer #3 - Shelf 1 - Tray A5"	"BSL13"	"3.H"	"638897"	"elab JSP"	""	""	"Collected"	""
"7660029"	"S21371SL1"	"S21371SL1"	""	""	""	""	"2019-10-12 00:47"	"Prep -80 Freezer #3 - Shelf 1 - Tray A5"	"BSL13"	"9.G"	"638897"	"elab JSP"	""	""	"Collected"	""
"7660031"	"S20371SL1"	"S20371SL1"	""	""	""	""	"2019-10-12 00:47"	"Prep -80 Freezer #3 - Shelf 1 - Tray A5"	"BSL13"	"1.H"	"638897"	"elab JSP"	""	""	"Collected"	""
"7660032"	"S20211SL1"	"S20211SL1"	""	""	""	""	"2019-10-12 00:47"	"Prep -80 Freezer #3 - Shelf 1 - Tray A5"	"BSL13"	"2.H"	"638897"	"elab JSP"	""	""	"Collected"	""
"7679282"	"S21337SL1"	"S21337SL1"	""	""	""	""	"2019-10-16 05:46"	"Prep -80 Freezer #3 - Shelf 1 - Tray 93"	"BSL14"	"7.A"	"643626"	"elab JSP"	""	""	"Collected"	""
"7679283"	"S21510SL1"	"S21510SL1"	""	""	""	""	"2019-10-16 05:46"	"Prep -80 Freezer #3 - Shelf 1 - Tray 93"	"BSL14"	"1.A"	"643626"	"elab JSP"	""	""	"Collected"	""
"7679286"	"S21339SL1"	"S21339SL1"	""	""	""	""	"2019-10-16 05:46"	"Prep -80 Freezer #3 - Shelf 1 - Tray 93"	"BSL14"	"9.A"	"643626"	"elab JSP"	""	""	"Collected"	""
"7679288"	"S20064SL1"	"S20064SL1"	""	""	""	""	"2019-10-16 05:46"	"Prep -80 Freezer #3 - Shelf 1 - Tray 93"	"BSL14"	"3.A"	"643626"	"elab JSP"	""	""	"Collected"	""
"7679289"	"S20061SL1"	"S20061SL1"	""	""	""	""	"2019-10-16 05:46"	"Prep -80 Freezer #3 - Shelf 1 - Tray 93"	"BSL14"	"2.A"	"643626"	"elab JSP"	""	""	"Collected"	""
"7679291"	"S20068SL1"	"S20068SL1"	""	""	""	""	"2019-10-16 05:46"	"Prep -80 Freezer #3 - Shelf 1 - Tray 93"	"BSL14"	"4.A"	"643626"	"elab JSP"	""	""	"Collected"	""
"7679292"	"S20065SL1"	"S20065SL1"	""	""	""	""	"2019-10-16 05:46"	"Prep -80 Freezer #3 - Shelf 1 - Tray 93"	"BSL14"	"5.A"	"643626"	"elab JSP"	""	""	"Collected"	""
"7679294"	"S21410SL1"	"S21410SL1"	""	""	""	""	"2019-10-16 05:46"	"Prep -80 Freezer #3 - Shelf 1 - Tray 93"	"BSL14"	"6.A"	"643626"	"elab JSP"	""	""	"Collected"	""
"7679295"	"S21405SL1"	"S21405SL1"	""	""	""	""	"2019-10-16 05:46"	"Prep -80 Freezer #3 - Shelf 1 - Tray 93"	"BSL14"	"2.B"	"643626"	"elab JSP"	""	""	"Collected"	""
"7679297"	"S21408SL1"	"S21408SL1"	""	""	""	""	"2019-10-16 05:46"	"Prep -80 Freezer #3 - Shelf 1 - Tray 93"	"BSL14"	"1.B"	"643626"	"elab JSP"	""	""	"Collected"	""
"7679298"	"S21406SL1"	"S21406SL1"	""	""	""	""	"2019-10-16 05:46"	"Prep -80 Freezer #3 - Shelf 1 - Tray 93"	"BSL14"	"8.A"	"643626"	"elab JSP"	""	""	"Collected"	""
"7683765"	"S20168SL1"	"S20168SL1"	""	""	""	""	"2019-10-16 22:32"	"Prep -80 Freezer #3 - Shelf 1 - Tray 93"	"BSL14"	"5.C"	"643626"	"elab JSP"	""	""	"Collected"	""
"7684313"	"S21401SL1"	"S21401SL1"	""	""	""	""	"2019-10-17 00:44"	"Prep -80 Freezer #3 - Shelf 1 - Tray 93"	"BSL14"	"3.B"	"643626"	"elab JSP"	""	""	"Collected"	""
"7684314"	"S20404SL1"	"S20404SL1"	""	""	""	""	"2019-10-17 00:44"	"Prep -80 Freezer #3 - Shelf 1 - Tray 93"	"BSL14"	"5.B"	"643626"	"elab JSP"	""	""	"Collected"	""
"7684316"	"S20403SL1"	"S20403SL1"	""	""	""	""	"2019-10-17 00:44"	"Prep -80 Freezer #3 - Shelf 1 - Tray 93"	"BSL14"	"7.B"	"643626"	"elab JSP"	""	""	"Collected"	""
"7684317"	"S20934SL1"	"S20934SL1"	""	""	""	""	"2019-10-17 00:44"	"Prep -80 Freezer #3 - Shelf 1 - Tray 93"	"BSL14"	"9.B"	"643626"	"elab JSP"	""	""	"Collected"	""
"7684319"	"S20940SL1"	"S20940SL1"	""	""	""	""	"2019-10-17 00:44"	"Prep -80 Freezer #3 - Shelf 1 - Tray 93"	"BSL14"	"4.C"	"643626"	"elab JSP"	""	""	"Collected"	""
"7684320"	"S20938SL1"	"S20938SL1"	""	""	""	""	"2019-10-17 00:44"	"Prep -80 Freezer #3 - Shelf 1 - Tray 93"	"BSL14"	"2.C"	"643626"	"elab JSP"	""	""	"Collected"	""
"7684323"	"S20933SL1"	"S20933SL1"	""	""	""	""	"2019-10-17 00:44"	"Prep -80 Freezer #3 - Shelf 1 - Tray 93"	"BSL14"	"6.C"	"643626"	"elab JSP"	""	""	"Collected"	""
"7684325"	"S20935SL1"	"S20935SL1"	""	""	""	""	"2019-10-17 00:44"	"Prep -80 Freezer #3 - Shelf 1 - Tray 93"	"BSL14"	"9.C"	"643626"	"elab JSP"	""	""	"Collected"	""
"7684326"	"S20937SL1"	"S20937SL1"	""	""	""	""	"2019-10-17 00:44"	"Prep -80 Freezer #3 - Shelf 1 - Tray 93"	"BSL14"	"8.C"	"643626"	"elab JSP"	""	""	"Collected"	""
"7684328"	"S20936SL1"	"S20936SL1"	""	""	""	""	"2019-10-17 00:44"	"Prep -80 Freezer #3 - Shelf 1 - Tray 93"	"BSL14"	"1.D"	"643626"	"elab JSP"	""	""	"Collected"	""
"7684329"	"S21195SL1"	"S21195SL1"	""	""	""	""	"2019-10-17 00:44"	"Prep -80 Freezer #3 - Shelf 1 - Tray 93"	"BSL14"	"3.D"	"643626"	"elab JSP"	""	""	"Collected"	""
"7684331"	"S21196SL1"	"S21196SL1"	""	""	""	""	"2019-10-17 00:44"	"Prep -80 Freezer #3 - Shelf 1 - Tray 93"	"BSL14"	"4.D"	"643626"	"elab JSP"	""	""	"Collected"	""
"7684530"	"S21331SL1"	"S21331SL1"	""	""	""	""	"2019-10-17 01:22"	"Prep -80 Freezer #3 - Shelf 1 - Tray 93"	"BSL14"	"6.B"	"643626"	"elab JSP"	""	""	"Collected"	""
"7684532"	"S21335SL1"	"S21335SL1"	""	""	""	""	"2019-10-17 01:22"	"Prep -80 Freezer #3 - Shelf 1 - Tray 93"	"BSL14"	"8.B"	"643626"	"elab JSP"	""	""	"Collected"	""
"7684533"	"S21332SL1"	"S21332SL1"	""	""	""	""	"2019-10-17 01:22"	"Prep -80 Freezer #3 - Shelf 1 - Tray 93"	"BSL14"	"3.C"	"643626"	"elab JSP"	""	""	"Collected"	""
"7684535"	"S21338SL1"	"S21338SL1"	""	""	""	""	"2019-10-17 01:22"	"Prep -80 Freezer #3 - Shelf 1 - Tray 93"	"BSL14"	"1.C"	"643626"	"elab JSP"	""	""	"Collected"	""
"7684538"	"S21125SL1"	"S21125SL1"	""	""	""	""	"2019-10-17 01:22"	"Prep -80 Freezer #3 - Shelf 1 - Tray 93"	"BSL14"	"7.C"	"643626"	"elab JSP"	""	""	"Collected"	""
"7684541"	"S21127SL1"	"S21127SL1"	""	""	""	""	"2019-10-17 01:22"	"Prep -80 Freezer #3 - Shelf 1 - Tray 93"	"BSL14"	"2.D"	"643626"	"elab JSP"	""	""	"Collected"	""
"7684544"	"S21336SL1"	"S21336SL1"	""	""	""	""	"2019-10-17 01:24"	"Prep -80 Freezer #3 - Shelf 1 - Tray 93"	"BSL14"	"4.B"	"643626"	"elab JSP"	""	""	"Collected"	""
"7692791"	"S21193SL1"	"S21193SL1"	""	""	""	""	"2019-10-18 00:01"	"Prep -80 Freezer #3 - Shelf 1 - Tray 93"	"BSL14"	"8.D"	"643626"	"elab JSP"	""	""	"Collected"	""
"7692792"	"S21200SL1"	"S21200SL1"	""	""	""	""	"2019-10-18 00:01"	"Prep -80 Freezer #3 - Shelf 1 - Tray 93"	"BSL14"	"5.D"	"643626"	"elab JSP"	""	""	"Collected"	""
"7692794"	"S21198SL1"	"S21198SL1"	""	""	""	""	"2019-10-18 00:01"	"Prep -80 Freezer #3 - Shelf 1 - Tray 93"	"BSL14"	"1.E"	"643626"	"elab JSP"	""	""	"Collected"	""
"7692795"	"S21194SL1"	"S21194SL1"	""	""	""	""	"2019-10-18 00:01"	"Prep -80 Freezer #3 - Shelf 1 - Tray 93"	"BSL14"	"3.E"	"643626"	"elab JSP"	""	""	"Collected"	""
"7692797"	"S21191SL1"	"S21191SL1"	""	""	""	""	"2019-10-18 00:01"	"Prep -80 Freezer #3 - Shelf 1 - Tray 93"	"BSL14"	"6.E"	"643626"	"elab JSP"	""	""	"Collected"	""
"7692798"	"S21197SL1"	"S21197SL1"	""	""	""	""	"2019-10-18 00:01"	"Prep -80 Freezer #3 - Shelf 1 - Tray 93"	"BSL14"	"5.E"	"643626"	"elab JSP"	""	""	"Collected"	""
"7692801"	"S21192SL1"	"S21192SL1"	""	""	""	""	"2019-10-18 00:01"	"Prep -80 Freezer #3 - Shelf 1 - Tray 93"	"BSL14"	"7.E"	"643626"	"elab JSP"	""	""	"Collected"	""
"7692804"	"S21630SL1"	"S21630SL1"	""	""	""	""	"2019-10-18 00:01"	"Prep -80 Freezer #3 - Shelf 1 - Tray 93"	"BSL14"	"9.E"	"643626"	"elab JSP"	""	""	"Collected"	""
"7692995"	"S20990SL1"	"S20990SL1"	""	""	""	""	"2019-10-18 00:24"	"Prep -80 Freezer #3 - Shelf 1 - Tray 93"	"BSL14"	"7.D"	"643626"	"elab JSP"	""	""	"Collected"	""
"7692996"	"S20986SL1"	"S20986SL1"	""	""	""	""	"2019-10-18 00:24"	"Prep -80 Freezer #3 - Shelf 1 - Tray 93"	"BSL14"	"6.D"	"643626"	"elab JSP"	""	""	"Collected"	""
"7692999"	"S20984SL1"	"S20984SL1"	""	""	""	""	"2019-10-18 00:24"	"Prep -80 Freezer #3 - Shelf 1 - Tray 93"	"BSL14"	"9.D"	"643626"	"elab JSP"	""	""	"Collected"	""
"7693001"	"S20989SL1"	"S20989SL1"	""	""	""	""	"2019-10-18 00:24"	"Prep -80 Freezer #3 - Shelf 1 - Tray 93"	"BSL14"	"4.E"	"643626"	"elab JSP"	""	""	"Collected"	""
"7693002"	"S20982SL1"	"S20982SL1"	""	""	""	""	"2019-10-18 00:24"	"Prep -80 Freezer #3 - Shelf 1 - Tray 93"	"BSL14"	"2.E"	"643626"	"elab JSP"	""	""	"Collected"	""
"7693004"	"S21428SL1"	"S21428SL1"	""	""	""	""	"2019-10-18 00:24"	"Prep -80 Freezer #3 - Shelf 1 - Tray 93"	"BSL14"	"8.E"	"643626"	"elab JSP"	""	""	"Collected"	""
"7708284"	"S20793SL1"	"S20793SL1"	""	""	""	""	"2019-10-22 01:17"	"Prep -80 Freezer #3 - Shelf 1 - Tray 93"	"BSL14"	"4.F"	"643626"	"elab JSP"	""	""	"Collected"	""
"7708286"	"S20794SL1"	"S20794SL1"	""	""	""	""	"2019-10-22 01:17"	"Prep -80 Freezer #3 - Shelf 1 - Tray 93"	"BSL14"	"2.F"	"643626"	"elab JSP"	""	""	"Collected"	""
"7708287"	"S20800SL1"	"S20800SL1"	""	""	""	""	"2019-10-22 01:17"	"Prep -80 Freezer #3 - Shelf 1 - Tray 93"	"BSL14"	"8.F"	"643626"	"elab JSP"	""	""	"Collected"	""
"7708289"	"S20796SL1"	"S20796SL1"	""	""	""	""	"2019-10-22 01:17"	"Prep -80 Freezer #3 - Shelf 1 - Tray 93"	"BSL14"	"7.F"	"643626"	"elab JSP"	""	""	"Collected"	""
"7708290"	"S21111SL1"	"S21111SL1"	""	""	""	""	"2019-10-22 01:17"	"Prep -80 Freezer #3 - Shelf 1 - Tray 93"	"BSL14"	"1.G"	"643626"	"elab JSP"	""	""	"Collected"	""
"7708292"	"S20877SL1"	"S20877SL1"	""	""	""	""	"2019-10-22 01:17"	"Prep -80 Freezer #3 - Shelf 1 - Tray 93"	"BSL14"	"1.F"	"643626"	"elab JSP"	""	""	"Collected"	""
"7708295"	"S20880SL1"	"S20880SL1"	""	""	""	""	"2019-10-22 01:17"	"Prep -80 Freezer #3 - Shelf 1 - Tray 93"	"BSL14"	"3.F"	"643626"	"elab JSP"	""	""	"Collected"	""
"7708296"	"S20874SL1"	"S20874SL1"	""	""	""	""	"2019-10-22 01:17"	"Prep -80 Freezer #3 - Shelf 1 - Tray 93"	"BSL14"	"5.F"	"643626"	"elab JSP"	""	""	"Collected"	""
"7708298"	"S20872SL1"	"S20872SL1"	""	""	""	""	"2019-10-22 01:17"	"Prep -80 Freezer #3 - Shelf 1 - Tray 93"	"BSL14"	"9.F"	"643626"	"elab JSP"	""	""	"Collected"	""
"7708299"	"S20875SL1"	"S20875SL1"	""	""	""	""	"2019-10-22 01:17"	"Prep -80 Freezer #3 - Shelf 1 - Tray 93"	"BSL14"	"6.F"	"643626"	"elab JSP"	""	""	"Collected"	""
"7713093"	"S21041SL1"	"S21041SL1"	""	""	""	""	"2019-10-23 01:58"	"Prep -80 Freezer #3 - Shelf 1 - Tray 93"	"BSL14"	"8.G"	"643626"	"elab JSP"	""	""	"Collected"	""
"7713095"	"S21042SL1"	"S21042SL1"	""	""	""	""	"2019-10-23 01:58"	"Prep -80 Freezer #3 - Shelf 1 - Tray 93"	"BSL14"	"7.G"	"643626"	"elab JSP"	""	""	"Collected"	""
"7713098"	"S21047SL1"	"S21047SL1"	""	""	""	""	"2019-10-23 01:58"	"Prep -80 Freezer #3 - Shelf 1 - Tray 93"	"BSL14"	"9.G"	"643626"	"elab JSP"	""	""	"Collected"	""
"7713099"	"S20821SL1"	"S20821SL1"	""	""	""	""	"2019-10-23 01:58"	"Prep -80 Freezer #3 - Shelf 1 - Tray 93"	"BSL14"	"3.G"	"643626"	"elab JSP"	""	""	"Collected"	""
"7713101"	"S20822SL1"	"S20822SL1"	""	""	""	""	"2019-10-23 01:58"	"Prep -80 Freezer #3 - Shelf 1 - Tray 93"	"BSL14"	"2.G"	"643626"	"elab JSP"	""	""	"Collected"	""
"7713104"	"S20844SL1"	"S20844SL1"	""	""	""	""	"2019-10-23 01:58"	"Prep -80 Freezer #3 - Shelf 1 - Tray 93"	"BSL14"	"5.G"	"643626"	"elab JSP"	""	""	"Collected"	""
"7713107"	"S20841SL1"	"S20841SL1"	""	""	""	""	"2019-10-23 01:58"	"Prep -80 Freezer #3 - Shelf 1 - Tray 93"	"BSL14"	"6.G"	"643626"	"elab JSP"	""	""	"Collected"	""
"7713108"	"S20268SL1"	"S20268SL1"	""	""	""	""	"2019-10-23 01:58"	"Prep -80 Freezer #3 - Shelf 1 - Tray 93"	"BSL14"	"1.H"	"643626"	"elab JSP"	""	""	"Collected"	""
"7713110"	"S20911SL1"	"S20911SL1"	""	""	""	""	"2019-10-23 01:58"	"Prep -80 Freezer #3 - Shelf 1 - Tray 93"	"BSL14"	"3.H"	"643626"	"elab JSP"	""	""	"Collected"	""
"7713111"	"S21231SL1"	"S21231SL1"	""	""	""	""	"2019-10-23 01:58"	"Prep -80 Freezer #3 - Shelf 1 - Tray 93"	"BSL14"	"2.H"	"643626"	"elab JSP"	""	""	"Collected"	""
"7713114"	"S20681SL1"	"S20681SL1"	""	""	""	""	"2019-10-23 01:58"	"Prep -80 Freezer #3 - Shelf 1 - Tray 93"	"BSL14"	"4.H"	"643626"	"elab JSP"	""	""	"Collected"	""
"7713116"	"S20941SL1"	"S20941SL1"	""	""	""	""	"2019-10-23 01:58"	"Prep -80 Freezer #3 - Shelf 1 - Tray 93"	"BSL14"	"6.H"	"643626"	"elab JSP"	""	""	"Collected"	""
"7713117"	"S20943SL1"	"S20943SL1"	""	""	""	""	"2019-10-23 01:58"	"Prep -80 Freezer #3 - Shelf 1 - Tray 93"	"BSL14"	"5.H"	"643626"	"elab JSP"	""	""	"Collected"	""
"7713119"	"S20942SL1"	"S20942SL1"	""	""	""	""	"2019-10-23 01:58"	"Prep -80 Freezer #3 - Shelf 1 - Tray 93"	"BSL14"	"7.H"	"643626"	"elab JSP"	""	""	"Collected"	""
"7720649"	"S20471SL1"	"S20471SL1"	""	""	""	""	"2019-10-24 00:54"	"Prep -80 Freezer #3 - Shelf 1 - Tray 93"	"BSL14"	"8.H"	"643626"	"elab JSP"	""	""	"Collected"	""
"7720650"	"S21161SL1"	"S21161SL1"	""	""	""	""	"2019-10-24 00:54"	"Prep -80 Freezer #3 - Shelf 1 - Tray 93"	"BSL14"	"1.I"	"643626"	"elab JSP"	""	""	"Collected"	""
"7720652"	"S21418SL1"	"S21418SL1"	""	""	""	""	"2019-10-24 00:54"	"Prep -80 Freezer #3 - Shelf 1 - Tray 93"	"BSL14"	"9.I"	"643626"	"elab JSP"	""	""	"Collected"	""
"7720653"	"S21412SL1"	"S21412SL1"	""	""	""	""	"2019-10-24 00:54"	"Prep -80 Freezer #3 - Shelf 1 - Tray 93"	"BSL14"	"7.I"	"643626"	"elab JSP"	""	""	"Collected"	""
"7720655"	"S21414SL1"	"S21414SL1"	""	""	""	""	"2019-10-24 00:54"	"Prep -80 Freezer #3 - Shelf 1 - Tray 96"	"BSL15"	"1.A"	"648531"	"elab JSP"	""	""	"Collected"	""
"7720656"	"S21413SL1"	"S21413SL1"	""	""	""	""	"2019-10-24 00:54"	"Prep -80 Freezer #3 - Shelf 1 - Tray 96"	"BSL15"	"2.A"	"648531"	"elab JSP"	""	""	"Collected"	""
"7720659"	"S21417SL1"	"S21417SL1"	""	""	""	""	"2019-10-24 00:54"	"Prep -80 Freezer #3 - Shelf 1 - Tray 96"	"BSL15"	"3.A"	"648531"	"elab JSP"	""	""	"Collected"	""
"7720661"	"S21267SL1"	"S21267SL1"	""	""	""	""	"2019-10-24 00:54"	"Prep -80 Freezer #3 - Shelf 1 - Tray 93"	"BSL14"	"9.H"	"643626"	"elab JSP"	""	""	"Collected"	""
"7720662"	"S21266SL1"	"S21266SL1"	""	""	""	""	"2019-10-24 00:54"	"Prep -80 Freezer #3 - Shelf 1 - Tray 93"	"BSL14"	"4.I"	"643626"	"elab JSP"	""	""	"Collected"	""
"7720664"	"S21270SL1"	"S21270SL1"	""	""	""	""	"2019-10-24 00:54"	"Prep -80 Freezer #3 - Shelf 1 - Tray 93"	"BSL14"	"2.I"	"643626"	"elab JSP"	""	""	"Collected"	""
"7720665"	"S21268SL1"	"S21268SL1"	""	""	""	""	"2019-10-24 00:54"	"Prep -80 Freezer #3 - Shelf 1 - Tray 93"	"BSL14"	"5.I"	"643626"	"elab JSP"	""	""	"Collected"	""
"7720667"	"S21261SL1"	"S21261SL1"	""	""	""	""	"2019-10-24 00:54"	"Prep -80 Freezer #3 - Shelf 1 - Tray 93"	"BSL14"	"6.I"	"643626"	"elab JSP"	""	""	"Collected"	""
"7720668"	"S21265SL1"	"S21265SL1"	""	""	""	""	"2019-10-24 00:54"	"Prep -80 Freezer #3 - Shelf 1 - Tray 93"	"BSL14"	"8.I"	"643626"	"elab JSP"	""	""	"Collected"	""
"7747202"	"S21411SL1"	"S21411SL1"	""	""	""	""	"2019-10-25 00:15"	"Prep -80 Freezer #3 - Shelf 1 - Tray 96"	"BSL15"	"4.A"	"648531"	"elab JSP"	""	""	"Collected"	""
"7747203"	"S21452SL1"	"S21452SL1"	""	""	""	""	"2019-10-25 00:15"	"Prep -80 Freezer #3 - Shelf 1 - Tray 96"	"BSL15"	"7.A"	"648531"	"elab JSP"	""	""	"Collected"	""
"7747205"	"S21415SL1"	"S21415SL1"	""	""	""	""	"2019-10-25 00:15"	"Prep -80 Freezer #3 - Shelf 1 - Tray 96"	"BSL15"	"5.A"	"648531"	"elab JSP"	""	""	"Collected"	""
"7747206"	"S20119SL1"	"S20119SL1"	""	""	""	""	"2019-10-25 00:15"	"Prep -80 Freezer #3 - Shelf 1 - Tray 96"	"BSL15"	"6.A"	"648531"	"elab JSP"	""	""	"Collected"	""
"7747208"	"S20118SL1"	"S20118SL1"	""	""	""	""	"2019-10-25 00:15"	"Prep -80 Freezer #3 - Shelf 1 - Tray 96"	"BSL15"	"8.A"	"648531"	"elab JSP"	""	""	"Collected"	""
"7754669"	"S21651SL1"	"S21651SL1"	""	""	""	""	"2019-10-25 19:18"	"Prep -80 Freezer #3 - Shelf 1 - Tray 96"	"BSL15"	"9.A"	"648531"	"elab JSP"	""	""	"Collected"	""
"7754670"	"S21652SL1"	"S21652SL1"	""	""	""	""	"2019-10-25 19:18"	"Prep -80 Freezer #3 - Shelf 1 - Tray 96"	"BSL15"	"1.B"	"648531"	"elab JSP"	""	""	"Collected"	""
"7754673"	"S20071SL1"	"S20071SL1"	""	""	""	""	"2019-10-25 19:18"	"Prep -80 Freezer #3 - Shelf 1 - Tray 96"	"BSL15"	"3.B"	"648531"	"elab JSP"	""	""	"Collected"	""
"7754675"	"S20853SL1"	"S20853SL1"	""	""	""	""	"2019-10-25 19:18"	"Prep -80 Freezer #3 - Shelf 1 - Tray 96"	"BSL15"	"7.B"	"648531"	"elab JSP"	""	""	"Collected"	""
"7754676"	"S20851SL1"	"S20851SL1"	""	""	""	""	"2019-10-25 19:18"	"Prep -80 Freezer #3 - Shelf 1 - Tray 96"	"BSL15"	"5.B"	"648531"	"elab JSP"	""	""	"Collected"	""
"7755771"	"S20024SL1"	"S20024SL1"	""	""	""	""	"2019-10-25 20:41"	"Prep -80 Freezer #3 - Shelf 1 - Tray 93"	"BSL14"	"3.I"	"643626"	"elab JSP"	""	""	"Collected"	""
"7756454"	"S21172SL1"	"S21172SL1"	""	""	""	""	"2019-10-25 22:20"	"Prep -80 Freezer #3 - Shelf 1 - Tray 96"	"BSL15"	"2.B"	"648531"	"elab JSP"	""	""	"Collected"	""
"7756455"	"S21174SL1"	"S21174SL1"	""	""	""	""	"2019-10-25 22:20"	"Prep -80 Freezer #3 - Shelf 1 - Tray 96"	"BSL15"	"4.B"	"648531"	"elab JSP"	""	""	"Collected"	""
"7756467"	"S21173SL1"	"S21173SL1"	""	""	""	""	"2019-10-25 22:20"	"Prep -80 Freezer #3 - Shelf 1 - Tray 96"	"BSL15"	"6.B"	"648531"	"elab JSP"	""	""	"Collected"	""
"7756470"	"S20141SL1"	"S20141SL1"	""	""	""	""	"2019-10-25 22:20"	"Prep -80 Freezer #3 - Shelf 1 - Tray 96"	"BSL15"	"8.B"	"648531"	"elab JSP"	""	""	"Collected"	""
"7768316"	"S22012SL1"	"S22012SL1"	""	""	""	""	"2019-10-29 00:45"	"Prep -80 Freezer #3 - Shelf 1 - Tray 77"	"BSL5"	"32"	"570632"	"elab JSP"	""	""	"Collected"	""
"7768317"	"S22192SL1"	"S22192SL1"	""	""	""	""	"2019-10-29 01:03"	"Prep -80 Freezer #3 - Shelf 1 - Tray 79"	"BSL10"	"1.B"	"606057"	"elab JSP"	""	""	"Collected"	""
"7768319"	"S21182SL1"	"S21182SL1"	""	""	""	""	"2019-10-29 01:06"	"Prep -80 Freezer #3 - Shelf 1 - Tray 80"	"BSL11"	"3.C"	"612953"	"elab JSP"	""	""	"Collected"	""
"7768320"	"S21181SL1"	"S21181SL1"	""	""	""	""	"2019-10-29 01:06"	"Prep -80 Freezer #3 - Shelf 1 - Tray 80"	"BSL11"	"2.C"	"612953"	"elab JSP"	""	""	"Collected"	""
"7768322"	"S21183SL1"	"S21183SL1"	""	""	""	""	"2019-10-29 01:06"	"Prep -80 Freezer #3 - Shelf 1 - Tray 80"	"BSL11"	"4.C"	"612953"	"elab JSP"	""	""	"Collected"	""
"7771578"	"S21011SL1"	"S21011SL1"	""	""	""	""	"2019-10-29 23:39"	"Prep -80 Freezer #3 - Shelf 1 - Tray 93"	"BSL14"	"4.G"	"643626"	"elab JSP"	""	""	"Collected"	""
