"","ufn","species","seine_id","survey_id","survey_date","site_id","region","zone","site_name","container_id","container_cell","sample_location","sample_status","comments_sample"
"1","U10081","SO","DN3","DE365",2017-05-25,"D09","DI","C","Okisollo Channel","DW50","A1","DW50-A1","collected",NA
"2","U10082","SO","DN3","DE365",2017-05-25,"D09","DI","C","Okisollo Channel","DW50","A2","DW50-A2","collected",NA
"3","U10083","SO","DN3","DE365",2017-05-25,"D09","DI","C","Okisollo Channel","DW50","A3","DW50-A3","collected",NA
"4","U10084","SO","DN3","DE365",2017-05-25,"D09","DI","C","Okisollo Channel","DW50","A4","DW50-A4","collected",NA
"5","U10085","SO","DN3","DE365",2017-05-25,"D09","DI","C","Okisollo Channel","DW50","A5","DW50-A5","collected",NA
"6","U10086","SO","DN3","DE365",2017-05-25,"D09","DI","C","Okisollo Channel","DW50","A6","DW50-A6","collected",NA
"7","U10087","SO","DN3","DE365",2017-05-25,"D09","DI","C","Okisollo Channel","DW50","A7","DW50-A7","collected",NA
"8","U10088","SO","DN3","DE365",2017-05-25,"D09","DI","C","Okisollo Channel","DW50","A8","DW50-A8","collected",NA
"9","U10089","SO","DN3","DE365",2017-05-25,"D09","DI","C","Okisollo Channel","DW50","A9","DW50-A9","collected",NA
"10","U10090","SO","DN3","DE365",2017-05-25,"D09","DI","C","Okisollo Channel","DW50","A10","DW50-A10","collected",NA
"11","U10091","SO","DN3","DE365",2017-05-25,"D09","DI","C","Okisollo Channel","DW50","B1","DW50-B1","collected",NA
"12","U10092","SO","DN3","DE365",2017-05-25,"D09","DI","C","Okisollo Channel","DW50","B2","DW50-B2","collected",NA
"13","U10093","SO","DN3","DE365",2017-05-25,"D09","DI","C","Okisollo Channel","DW50","B3","DW50-B3","collected",NA
"14","U10094","SO","DN3","DE365",2017-05-25,"D09","DI","C","Okisollo Channel","DW50","B4","DW50-B4","collected",NA
"15","U10095","SO","DN3","DE365",2017-05-25,"D09","DI","C","Okisollo Channel","DW50","B5","DW50-B5","collected",NA
"16","U10096","SO","DN3","DE365",2017-05-25,"D09","DI","C","Okisollo Channel","DW50","B6","DW50-B6","collected",NA
"17","U10097","SO","DN3","DE365",2017-05-25,"D09","DI","C","Okisollo Channel","DW50","B7","DW50-B7","collected",NA
"18","U10098","SO","DN3","DE365",2017-05-25,"D09","DI","C","Okisollo Channel","DW50","B8","DW50-B8","collected",NA
"19","U10099","SO","DN3","DE365",2017-05-25,"D09","DI","C","Okisollo Channel","DW50","B9","DW50-B9","collected",NA
"20","U10100","SO","DN3","DE365",2017-05-25,"D09","DI","C","Okisollo Channel","DW50","B10","DW50-B10","collected",NA
"21","U10101","SO","DN3","DE365",2017-05-25,"D09","DI","C","Okisollo Channel","DW50","C1","DW50-C1","collected",NA
"22","U10102","SO","DN3","DE365",2017-05-25,"D09","DI","C","Okisollo Channel","DW50","C2","DW50-C2","collected",NA
"23","U10103","SO","DN3","DE365",2017-05-25,"D09","DI","C","Okisollo Channel","DW50","C3","DW50-C3","collected",NA
"24","U10104","SO","DN3","DE365",2017-05-25,"D09","DI","C","Okisollo Channel","DW50","C4","DW50-C4","collected",NA
"25","U10105","SO","DN3","DE365",2017-05-25,"D09","DI","C","Okisollo Channel","DW50","C5","DW50-C5","collected",NA
"26","U10106","SO","DN3","DE365",2017-05-25,"D09","DI","C","Okisollo Channel","DW50","C6","DW50-C6","collected",NA
"27","U10107","SO","DN3","DE365",2017-05-25,"D09","DI","C","Okisollo Channel","DW50","C7","DW50-C7","collected",NA
"28","U10108","SO","DN3","DE365",2017-05-25,"D09","DI","C","Okisollo Channel","DW50","C8","DW50-C8","collected",NA
"29","U10109","SO","DN3","DE365",2017-05-25,"D09","DI","C","Okisollo Channel","DW50","C9","DW50-C9","collected",NA
"30","U10110","SO","DN3","DE365",2017-05-25,"D09","DI","C","Okisollo Channel","DW50","C10","DW50-C10","collected",NA
"31","U10161","SO","DN5","DE366",2017-05-26,"D34","DI","E","Penn Islands","DW51","A1","DW51-A1","collected",NA
"32","U10162","SO","DN5","DE366",2017-05-26,"D34","DI","E","Penn Islands",NA,NA,NA,NA,NA
"33","U10163","SO","DN5","DE366",2017-05-26,"D34","DI","E","Penn Islands","DW51","A3","DW51-A3","collected",NA
"34","U10164","SO","DN5","DE366",2017-05-26,"D34","DI","E","Penn Islands","DW51","A4","DW51-A4","collected",NA
"35","U10165","SO","DN5","DE366",2017-05-26,"D34","DI","E","Penn Islands","DW51","A5","DW51-A5","collected",NA
"36","U10166","SO","DN5","DE366",2017-05-26,"D34","DI","E","Penn Islands","DW51","A6","DW51-A6","collected",NA
"37","U10167","SO","DN5","DE366",2017-05-26,"D34","DI","E","Penn Islands","DW51","A7","DW51-A7","collected",NA
"38","U10168","SO","DN5","DE366",2017-05-26,"D34","DI","E","Penn Islands","DW51","A8","DW51-A8","collected",NA
"39","U10169","SO","DN5","DE366",2017-05-26,"D34","DI","E","Penn Islands","DW51","A9","DW51-A9","collected",NA
"40","U10170","SO","DN5","DE366",2017-05-26,"D34","DI","E","Penn Islands","DW51","A10","DW51-A10","collected",NA
"41","U10171","SO","DN5","DE366",2017-05-26,"D34","DI","E","Penn Islands","DW51","B1","DW51-B1","collected",NA
"42","U10172","SO","DN5","DE366",2017-05-26,"D34","DI","E","Penn Islands","DW51","B2","DW51-B2","collected",NA
"43","U10173","SO","DN5","DE366",2017-05-26,"D34","DI","E","Penn Islands","DW51","B3","DW51-B3","collected",NA
"44","U10174","SO","DN5","DE366",2017-05-26,"D34","DI","E","Penn Islands","DW51","B4","DW51-B4","collected",NA
"45","U10175","SO","DN5","DE366",2017-05-26,"D34","DI","E","Penn Islands","DW51","B5","DW51-B5","collected",NA
"46","U10176","SO","DN5","DE366",2017-05-26,"D34","DI","E","Penn Islands","DW51","B6","DW51-B6","collected",NA
"47","U10177","SO","DN5","DE366",2017-05-26,"D34","DI","E","Penn Islands","DW51","B7","DW51-B7","collected",NA
"48","U10178","SO","DN5","DE366",2017-05-26,"D34","DI","E","Penn Islands","DW51","B8","DW51-B8","collected",NA
"49","U10179","SO","DN5","DE366",2017-05-26,"D34","DI","E","Penn Islands","DW51","B9","DW51-B9","collected",NA
"50","U10180","SO","DN5","DE366",2017-05-26,"D34","DI","E","Penn Islands","DW51","B10","DW51-B10","collected",NA
"51","U10181","SO","DN5","DE366",2017-05-26,"D34","DI","E","Penn Islands","DW51","C1","DW51-C1","collected",NA
"52","U10182","SO","DN5","DE366",2017-05-26,"D34","DI","E","Penn Islands","DW51","C2","DW51-C2","collected",NA
"53","U10183","SO","DN5","DE366",2017-05-26,"D34","DI","E","Penn Islands","DW51","C3","DW51-C3","collected",NA
"54","U10184","SO","DN5","DE366",2017-05-26,"D34","DI","E","Penn Islands","DW51","C4","DW51-C4","collected",NA
"55","U10185","SO","DN5","DE366",2017-05-26,"D34","DI","E","Penn Islands","DW51","C5","DW51-C5","collected",NA
"56","U10186","SO","DN5","DE366",2017-05-26,"D34","DI","E","Penn Islands","DW51","C6","DW51-C6","collected",NA
"57","U10187","SO","DN5","DE366",2017-05-26,"D34","DI","E","Penn Islands","DW51","C7","DW51-C7","collected",NA
"58","U10188","SO","DN5","DE366",2017-05-26,"D34","DI","E","Penn Islands","DW51","C8","DW51-C8","collected",NA
"59","U10189","SO","DN5","DE366",2017-05-26,"D34","DI","E","Penn Islands","DW51","C9","DW51-C9","collected",NA
"60","U10190","SO","DN5","DE366",2017-05-26,"D34","DI","E","Penn Islands","DW51","C10","DW51-C10","collected",NA
"61","U10241","SO","DN7","DE367",2017-05-29,"D09","DI","C","Okisollo Channel","DW52","A1","DW52-A1","collected",NA
"62","U10242","SO","DN7","DE367",2017-05-29,"D09","DI","C","Okisollo Channel","DW52","A2","DW52-A2","collected",NA
"63","U10243","SO","DN7","DE367",2017-05-29,"D09","DI","C","Okisollo Channel","DW52","A3","DW52-A3","collected",NA
"64","U10244","SO","DN7","DE367",2017-05-29,"D09","DI","C","Okisollo Channel","DW52","A4","DW52-A4","collected",NA
"65","U10245","SO","DN7","DE367",2017-05-29,"D09","DI","C","Okisollo Channel","DW52","A5","DW52-A5","collected",NA
"66","U10246","SO","DN7","DE367",2017-05-29,"D09","DI","C","Okisollo Channel","DW52","A6","DW52-A6","collected",NA
"67","U10247","SO","DN7","DE367",2017-05-29,"D09","DI","C","Okisollo Channel","DW52","A7","DW52-A7","collected",NA
"68","U10248","SO","DN7","DE367",2017-05-29,"D09","DI","C","Okisollo Channel","DW52","A8","DW52-A8","collected",NA
"69","U10401","SO","DN11","DE369",2017-06-01,"D29","DI","E","Raza Island","DW54","A1","DW54-A1","collected",NA
"70","U10402","SO","DN11","DE369",2017-06-01,"D29","DI","E","Raza Island","DW54","A2","DW54-A2","collected",NA
"71","U10403","SO","DN11","DE369",2017-06-01,"D29","DI","E","Raza Island","DW54","A3","DW54-A3","collected",NA
"72","U10404","SO","DN11","DE369",2017-06-01,"D29","DI","E","Raza Island","DW54","A4","DW54-A4","collected",NA
"73","U10405","SO","DN11","DE369",2017-06-01,"D29","DI","E","Raza Island","DW54","A5","DW54-A5","collected",NA
"74","U10406","SO","DN11","DE369",2017-06-01,"D29","DI","E","Raza Island","DW54","A6","DW54-A6","collected",NA
"75","U10407","SO","DN11","DE369",2017-06-01,"D29","DI","E","Raza Island","DW54","A7","DW54-A7","collected",NA
"76","U10408","SO","DN11","DE369",2017-06-01,"D29","DI","E","Raza Island","DW54","A8","DW54-A8","collected",NA
"77","U10409","SO","DN11","DE369",2017-06-01,"D29","DI","E","Raza Island","DW54","A9","DW54-A9","collected",NA
"78","U10410","SO","DN11","DE369",2017-06-01,"D29","DI","E","Raza Island","DW54","A10","DW54-A10","collected",NA
"79","U10411","SO","DN11","DE369",2017-06-01,"D29","DI","E","Raza Island","DW54","B1","DW54-B1","collected",NA
"80","U10481","SO","DN13","DE370",2017-06-05,"D27","DI","W","Granite Point","DW55","A1","DW55-A1","collected",NA
"81","U10482","SO","DN13","DE370",2017-06-05,"D27","DI","W","Granite Point","DW55","A2","DW55-A2","collected",NA
"82","U10483","SO","DN13","DE370",2017-06-05,"D27","DI","W","Granite Point","DW55","A3","DW55-A3","collected",NA
"83","U10484","SO","DN13","DE370",2017-06-05,"D27","DI","W","Granite Point","DW55","A4","DW55-A4","collected",NA
"84","U10485","SO","DN13","DE370",2017-06-05,"D27","DI","W","Granite Point","DW55","A5","DW55-A5","collected",NA
"85","U10486","SO","DN13","DE370",2017-06-05,"D27","DI","W","Granite Point","DW55","A6","DW55-A6","collected",NA
"86","U10487","SO","DN13","DE370",2017-06-05,"D27","DI","W","Granite Point","DW55","A7","DW55-A7","collected",NA
"87","U10488","SO","DN13","DE370",2017-06-05,"D27","DI","W","Granite Point","DW55","A8","DW55-A8","collected",NA
"88","U10489","SO","DN13","DE370",2017-06-05,"D27","DI","W","Granite Point","DW55","A9","DW55-A9","collected",NA
"89","U10490","SO","DN13","DE370",2017-06-05,"D27","DI","W","Granite Point","DW55","A10","DW55-A10","collected",NA
"90","U10491","SO","DN13","DE370",2017-06-05,"D27","DI","W","Granite Point","DW55","B1","DW55-B1","collected",NA
"91","U10492","SO","DN13","DE370",2017-06-05,"D27","DI","W","Granite Point","DW55","B2","DW55-B2","collected",NA
"92","U10493","SO","DN13","DE370",2017-06-05,"D27","DI","W","Granite Point","DW55","B3","DW55-B3","collected",NA
"93","U10494","SO","DN13","DE370",2017-06-05,"D27","DI","W","Granite Point","DW55","B4","DW55-B4","collected",NA
"94","U10495","SO","DN13","DE370",2017-06-05,"D27","DI","W","Granite Point","DW55","B5","DW55-B5","collected",NA
"95","U10496","SO","DN13","DE370",2017-06-05,"D27","DI","W","Granite Point","DW55","B6","DW55-B6","collected",NA
"96","U10497","SO","DN13","DE370",2017-06-05,"D27","DI","W","Granite Point","DW55","B7","DW55-B7","collected",NA
"97","U10498","SO","DN13","DE370",2017-06-05,"D27","DI","W","Granite Point","DW55","B8","DW55-B8","collected",NA
"98","U10499","SO","DN13","DE370",2017-06-05,"D27","DI","W","Granite Point","DW55","B9","DW55-B9","collected",NA
"99","U10500","SO","DN13","DE370",2017-06-05,"D27","DI","W","Granite Point","DW55","B10","DW55-B10","collected",NA
"100","U10501","SO","DN13","DE370",2017-06-05,"D27","DI","W","Granite Point","DW55","C1","DW55-C1","collected",NA
"101","U10502","SO","DN13","DE370",2017-06-05,"D27","DI","W","Granite Point","DW55","C2","DW55-C2","collected",NA
"102","U10503","SO","DN13","DE370",2017-06-05,"D27","DI","W","Granite Point","DW55","C3","DW55-C3","collected",NA
"103","U10504","SO","DN13","DE370",2017-06-05,"D27","DI","W","Granite Point","DW55","C4","DW55-C4","collected",NA
"104","U10505","SO","DN13","DE370",2017-06-05,"D27","DI","W","Granite Point","DW55","C5","DW55-C5","collected",NA
"105","U10506","SO","DN13","DE370",2017-06-05,"D27","DI","W","Granite Point","DW55","C6","DW55-C6","collected",NA
"106","U10507","SO","DN13","DE370",2017-06-05,"D27","DI","W","Granite Point","DW55","C7","DW55-C7","collected",NA
"107","U10508","SO","DN13","DE370",2017-06-05,"D27","DI","W","Granite Point","DW55","C8","DW55-C8","collected",NA
"108","U10509","SO","DN13","DE370",2017-06-05,"D27","DI","W","Granite Point","DW55","C9","DW55-C9","collected",NA
"109","U10510","SO","DN13","DE370",2017-06-05,"D27","DI","W","Granite Point","DW55","C10","DW55-C10","collected",NA
"110","U12401","SO","JN1","JE304",2017-06-06,"J03","JS","N","Cracroft Point","JW51","A1","JW51-A1","collected",NA
"111","U12402","SO","JN1","JE304",2017-06-06,"J03","JS","N","Cracroft Point","JW51","A2","JW51-A2","collected",NA
"112","U12403","SO","JN1","JE304",2017-06-06,"J03","JS","N","Cracroft Point","JW51","A3","JW51-A3","collected",NA
"113","U12404","SO","JN1","JE304",2017-06-06,"J03","JS","N","Cracroft Point","JW51","A4","JW51-A4","collected",NA
"114","U12405","SO","JN1","JE304",2017-06-06,"J03","JS","N","Cracroft Point","JW51","A5","JW51-A5","collected",NA
"115","U12406","SO","JN1","JE304",2017-06-06,"J03","JS","N","Cracroft Point","JW51","A6","JW51-A6","collected",NA
"116","U12407","SO","JN1","JE304",2017-06-06,"J03","JS","N","Cracroft Point","JW51","A7","JW51-A7","collected",NA
"117","U12408","SO","JN1","JE304",2017-06-06,"J03","JS","N","Cracroft Point","JW51","A8","JW51-A8","collected",NA
"118","U12409","SO","JN1","JE304",2017-06-06,"J03","JS","N","Cracroft Point","JW51","A9","JW51-A9","collected",NA
"119","U12410","SO","JN1","JE304",2017-06-06,"J03","JS","N","Cracroft Point","JW51","A10","JW51-A10","collected",NA
"120","U12411","SO","JN1","JE304",2017-06-06,"J03","JS","N","Cracroft Point","JW51","B1","JW51-B1","collected",NA
"121","U12412","SO","JN1","JE304",2017-06-06,"J03","JS","N","Cracroft Point","JW51","B2","JW51-B2","collected",NA
"122","U12413","SO","JN1","JE304",2017-06-06,"J03","JS","N","Cracroft Point","JW51","B3","JW51-B3","collected",NA
"123","U12414","SO","JN1","JE304",2017-06-06,"J03","JS","N","Cracroft Point","JW51","B4","JW51-B4","collected",NA
"124","U12415","SO","JN1","JE304",2017-06-06,"J03","JS","N","Cracroft Point","JW51","B5","JW51-B5","collected",NA
"125","U12416","SO","JN1","JE304",2017-06-06,"J03","JS","N","Cracroft Point","JW51","B6","JW51-B6","collected",NA
"126","U12417","SO","JN1","JE304",2017-06-06,"J03","JS","N","Cracroft Point","JW51","B7","JW51-B7","collected",NA
"127","U12418","SO","JN1","JE304",2017-06-06,"J03","JS","N","Cracroft Point","JW51","B8","JW51-B8","collected",NA
"128","U12419","SO","JN1","JE304",2017-06-06,"J03","JS","N","Cracroft Point","JW51","B9","JW51-B9","collected",NA
"129","U12420","SO","JN1","JE304",2017-06-06,"J03","JS","N","Cracroft Point","JW51","B10","JW51-B10","collected",NA
"130","U12421","SO","JN1","JE304",2017-06-06,"J03","JS","N","Cracroft Point","JW51","C1","JW51-C1","collected",NA
"131","U12422","SO","JN1","JE304",2017-06-06,"J03","JS","N","Cracroft Point","JW51","C2","JW51-C2","collected",NA
"132","U12423","SO","JN1","JE304",2017-06-06,"J03","JS","N","Cracroft Point","JW51","C3","JW51-C3","collected",NA
"133","U12551","SO","JN4","JE305",2017-06-06,"J02","JS","N","Swanson Island","JW52","A1","JW52-A1","collected","Second seine"
"134","U12552","SO","JN4","JE305",2017-06-06,"J02","JS","N","Swanson Island","JW52","A2","JW52-A2","collected","Second seine"
"135","U12553","SO","JN4","JE305",2017-06-06,"J02","JS","N","Swanson Island","JW52","A3","JW52-A3","collected","Second seine"
"136","U12554","SO","JN4","JE305",2017-06-06,"J02","JS","N","Swanson Island","JW52","A4","JW52-A4","collected","Second seine"
"137","U12555","SO","JN4","JE305",2017-06-06,"J02","JS","N","Swanson Island","JW52","A5","JW52-A5","collected","Second seine"
"138","U12556","SO","JN4","JE305",2017-06-06,"J02","JS","N","Swanson Island","JW52","A6","JW52-A6","collected","Second seine"
"139","U12557","SO","JN4","JE305",2017-06-06,"J02","JS","N","Swanson Island","JW52","A7","JW52-A7","collected","Second seine"
"140","U10561","SO","DN15","DE371",2017-06-07,"D09","DI","C","Okisollo Channel","DW56","A1","DW56-A1","collected",NA
"141","U10562","SO","DN15","DE371",2017-06-07,"D09","DI","C","Okisollo Channel","DW56","A2","DW56-A2","collected",NA
"142","U10563","SO","DN15","DE371",2017-06-07,"D09","DI","C","Okisollo Channel","DW56","A3","DW56-A3","collected",NA
"143","U10564","SO","DN15","DE371",2017-06-07,"D09","DI","C","Okisollo Channel","DW56","A4","DW56-A4","collected",NA
"144","U10565","SO","DN15","DE371",2017-06-07,"D09","DI","C","Okisollo Channel","DW56","A5","DW56-A5","collected",NA
"145","U10566","SO","DN15","DE371",2017-06-07,"D09","DI","C","Okisollo Channel","DW56","A6","DW56-A6","collected",NA
"146","U10567","SO","DN15","DE371",2017-06-07,"D09","DI","C","Okisollo Channel","DW56","A7","DW56-A7","collected",NA
"147","U10568","SO","DN15","DE371",2017-06-07,"D09","DI","C","Okisollo Channel","DW56","A8","DW56-A8","collected",NA
"148","U10569","SO","DN15","DE371",2017-06-07,"D09","DI","C","Okisollo Channel","DW56","A9","DW56-A9","collected",NA
"149","U10570","SO","DN15","DE371",2017-06-07,"D09","DI","C","Okisollo Channel","DW56","A10","DW56-A10","collected",NA
"150","U10571","SO","DN15","DE371",2017-06-07,"D09","DI","C","Okisollo Channel","DW56","B1","DW56-B1","collected",NA
"151","U10572","SO","DN15","DE371",2017-06-07,"D09","DI","C","Okisollo Channel","DW56","B2","DW56-B2","collected",NA
"152","U10573","SO","DN15","DE371",2017-06-07,"D09","DI","C","Okisollo Channel","DW56","B3","DW56-B3","collected",NA
"153","U10574","SO","DN15","DE371",2017-06-07,"D09","DI","C","Okisollo Channel","DW56","B4","DW56-B4","collected",NA
"154","U10575","SO","DN15","DE371",2017-06-07,"D09","DI","C","Okisollo Channel","DW56","B5","DW56-B5","collected",NA
"155","U10576","SO","DN15","DE371",2017-06-07,"D09","DI","C","Okisollo Channel","DW56","B6","DW56-B6","collected",NA
"156","U10577","SO","DN15","DE371",2017-06-07,"D09","DI","C","Okisollo Channel","DW56","B7","DW56-B7","collected",NA
"157","U10578","SO","DN15","DE371",2017-06-07,"D09","DI","C","Okisollo Channel","DW56","B8","DW56-B8","collected",NA
"158","U10579","SO","DN15","DE371",2017-06-07,"D09","DI","C","Okisollo Channel","DW56","B9","DW56-B9","collected",NA
"159","U10580","SO","DN15","DE371",2017-06-07,"D09","DI","C","Okisollo Channel","DW56","B10","DW56-B10","collected",NA
"160","U10581","SO","DN15","DE371",2017-06-07,"D09","DI","C","Okisollo Channel","DW56","C1","DW56-C1","collected",NA
"161","U10582","SO","DN15","DE371",2017-06-07,"D09","DI","C","Okisollo Channel","DW56","C2","DW56-C2","collected",NA
"162","U10583","SO","DN15","DE371",2017-06-07,"D09","DI","C","Okisollo Channel","DW56","C3","DW56-C3","collected",NA
"163","U10584","SO","DN15","DE371",2017-06-07,"D09","DI","C","Okisollo Channel","DW56","C4","DW56-C4","collected",NA
"164","U10585","SO","DN15","DE371",2017-06-07,"D09","DI","C","Okisollo Channel","DW56","C5","DW56-C5","collected",NA
"165","U10586","SO","DN15","DE371",2017-06-07,"D09","DI","C","Okisollo Channel","DW56","C6","DW56-C6","collected",NA
"166","U10587","SO","DN15","DE371",2017-06-07,"D09","DI","C","Okisollo Channel","DW56","C7","DW56-C7","collected",NA
"167","U10588","SO","DN15","DE371",2017-06-07,"D09","DI","C","Okisollo Channel","DW56","C8","DW56-C8","collected",NA
"168","U10589","SO","DN15","DE371",2017-06-07,"D09","DI","C","Okisollo Channel","DW56","C9","DW56-C9","collected",NA
"169","U10590","SO","DN15","DE371",2017-06-07,"D09","DI","C","Okisollo Channel","DW56","C10","DW56-C10","collected",NA
"170","U10641","SO","DN17","DE372",2017-06-12,"D09","DI","C","Okisollo Channel","DW57","A1","DW57-A1","collected",NA
"171","U10642","SO","DN17","DE372",2017-06-12,"D09","DI","C","Okisollo Channel","DW57","A2","DW57-A2","collected",NA
"172","U10643","SO","DN17","DE372",2017-06-12,"D09","DI","C","Okisollo Channel","DW57","A3","DW57-A3","collected",NA
"173","U10644","SO","DN17","DE372",2017-06-12,"D09","DI","C","Okisollo Channel","DW57","A4","DW57-A4","collected",NA
"174","U10645","SO","DN17","DE372",2017-06-12,"D09","DI","C","Okisollo Channel","DW57","A5","DW57-A5","collected",NA
"175","U10646","SO","DN17","DE372",2017-06-12,"D09","DI","C","Okisollo Channel","DW57","A6","DW57-A6","collected",NA
"176","U10647","SO","DN17","DE372",2017-06-12,"D09","DI","C","Okisollo Channel","DW57","A7","DW57-A7","collected",NA
"177","U10648","SO","DN17","DE372",2017-06-12,"D09","DI","C","Okisollo Channel","DW57","A8","DW57-A8","collected",NA
"178","U10649","SO","DN17","DE372",2017-06-12,"D09","DI","C","Okisollo Channel","DW57","A9","DW57-A9","collected",NA
"179","U10650","SO","DN17","DE372",2017-06-12,"D09","DI","C","Okisollo Channel","DW57","A10","DW57-A10","collected",NA
"180","U10651","SO","DN17","DE372",2017-06-12,"D09","DI","C","Okisollo Channel","DW57","B1","DW57-B1","collected",NA
"181","U10652","SO","DN17","DE372",2017-06-12,"D09","DI","C","Okisollo Channel","DW57","B2","DW57-B2","collected",NA
"182","U10653","SO","DN17","DE372",2017-06-12,"D09","DI","C","Okisollo Channel","DW57","B3","DW57-B3","collected",NA
"183","U10654","SO","DN17","DE372",2017-06-12,"D09","DI","C","Okisollo Channel","DW57","B4","DW57-B4","collected",NA
"184","U10655","SO","DN17","DE372",2017-06-12,"D09","DI","C","Okisollo Channel","DW57","B5","DW57-B5","collected",NA
"185","U10656","SO","DN17","DE372",2017-06-12,"D09","DI","C","Okisollo Channel","DW57","B6","DW57-B6","collected",NA
"186","U10657","SO","DN17","DE372",2017-06-12,"D09","DI","C","Okisollo Channel","DW57","B7","DW57-B7","collected",NA
"187","U10658","SO","DN17","DE372",2017-06-12,"D09","DI","C","Okisollo Channel","DW57","B8","DW57-B8","collected",NA
"188","U10659","SO","DN17","DE372",2017-06-12,"D09","DI","C","Okisollo Channel","DW57","B9","DW57-B9","collected",NA
"189","U10660","SO","DN17","DE372",2017-06-12,"D09","DI","C","Okisollo Channel","DW57","B10","DW57-B10","collected",NA
"190","U10661","SO","DN17","DE372",2017-06-12,"D09","DI","C","Okisollo Channel","DW57","C1","DW57-C1","collected",NA
"191","U10662","SO","DN17","DE372",2017-06-12,"D09","DI","C","Okisollo Channel","DW57","C2","DW57-C2","collected",NA
"192","U10663","SO","DN17","DE372",2017-06-12,"D09","DI","C","Okisollo Channel","DW57","C3","DW57-C3","collected",NA
"193","U10664","SO","DN17","DE372",2017-06-12,"D09","DI","C","Okisollo Channel","DW57","C4","DW57-C4","collected",NA
"194","U10665","SO","DN17","DE372",2017-06-12,"D09","DI","C","Okisollo Channel","DW57","C5","DW57-C5","collected",NA
"195","U10666","SO","DN17","DE372",2017-06-12,"D09","DI","C","Okisollo Channel","DW57","C6","DW57-C6","collected",NA
"196","U10667","SO","DN17","DE372",2017-06-12,"D09","DI","C","Okisollo Channel","DW57","C7","DW57-C7","collected",NA
"197","U10668","SO","DN17","DE372",2017-06-12,"D09","DI","C","Okisollo Channel","DW57","C8","DW57-C8","collected",NA
"198","U10669","SO","DN17","DE372",2017-06-12,"D09","DI","C","Okisollo Channel","DW57","C9","DW57-C9","collected",NA
"199","U10670","SO","DN17","DE372",2017-06-12,"D09","DI","C","Okisollo Channel","DW57","C10","DW57-C10","collected",NA
"200","U12561","SO","JN5","JE306",2017-06-13,"J09","JS","S","Blinkhorn Peninsula","JW53","A1","JW53-A1","collected",NA
"201","U12562","SO","JN5","JE306",2017-06-13,"J09","JS","S","Blinkhorn Peninsula","JW53","A2","JW53-A2","collected",NA
"202","U12563","SO","JN5","JE306",2017-06-13,"J09","JS","S","Blinkhorn Peninsula","JW53","A3","JW53-A3","collected",NA
"203","U12564","SO","JN5","JE306",2017-06-13,"J09","JS","S","Blinkhorn Peninsula","JW53","A4","JW53-A4","collected",NA
"204","U12565","SO","JN5","JE306",2017-06-13,"J09","JS","S","Blinkhorn Peninsula","JW53","A5","JW53-A5","collected",NA
"205","U12566","SO","JN5","JE306",2017-06-13,"J09","JS","S","Blinkhorn Peninsula","JW53","A6","JW53-A6","collected",NA
"206","U12567","SO","JN5","JE306",2017-06-13,"J09","JS","S","Blinkhorn Peninsula","JW53","A7","JW53-A7","collected",NA
"207","U12568","SO","JN5","JE306",2017-06-13,"J09","JS","S","Blinkhorn Peninsula","JW53","A8","JW53-A8","collected",NA
"208","U12569","SO","JN5","JE306",2017-06-13,"J09","JS","S","Blinkhorn Peninsula","JW53","A9","JW53-A9","collected",NA
"209","U12570","SO","JN5","JE306",2017-06-13,"J09","JS","S","Blinkhorn Peninsula","JW53","A10","JW53-A10","collected",NA
"210","U12571","SO","JN5","JE306",2017-06-13,"J09","JS","S","Blinkhorn Peninsula","JW53","B1","JW53-B1","collected",NA
"211","U12572","SO","JN5","JE306",2017-06-13,"J09","JS","S","Blinkhorn Peninsula","JW53","B2","JW53-B2","collected",NA
"212","U12573","SO","JN5","JE306",2017-06-13,"J09","JS","S","Blinkhorn Peninsula","JW53","B3","JW53-B3","collected",NA
"213","U12574","SO","JN5","JE306",2017-06-13,"J09","JS","S","Blinkhorn Peninsula","JW53","B4","JW53-B4","collected",NA
"214","U12575","SO","JN5","JE306",2017-06-13,"J09","JS","S","Blinkhorn Peninsula","JW53","B5","JW53-B5","collected",NA
"215","U12576","SO","JN5","JE306",2017-06-13,"J09","JS","S","Blinkhorn Peninsula","JW53","B6","JW53-B6","collected",NA
"216","U12577","SO","JN5","JE306",2017-06-13,"J09","JS","S","Blinkhorn Peninsula","JW53","B7","JW53-B7","collected",NA
"217","U12578","SO","JN5","JE306",2017-06-13,"J09","JS","S","Blinkhorn Peninsula","JW53","B8","JW53-B8","collected",NA
"218","U12579","SO","JN5","JE306",2017-06-13,"J09","JS","S","Blinkhorn Peninsula","JW53","B9","JW53-B9","collected",NA
"219","U12580","SO","JN5","JE306",2017-06-13,"J09","JS","S","Blinkhorn Peninsula","JW53","B10","JW53-B10","collected",NA
"220","U12581","SO","JN5","JE306",2017-06-13,"J09","JS","S","Blinkhorn Peninsula","JW53","C1","JW53-C1","collected",NA
"221","U12582","SO","JN5","JE306",2017-06-13,"J09","JS","S","Blinkhorn Peninsula","JW53","C2","JW53-C2","collected",NA
"222","U12583","SO","JN5","JE306",2017-06-13,"J09","JS","S","Blinkhorn Peninsula","JW53","C3","JW53-C3","collected",NA
"223","U12584","SO","JN5","JE306",2017-06-13,"J09","JS","S","Blinkhorn Peninsula","JW53","C4","JW53-C4","collected",NA
"224","U12585","SO","JN5","JE306",2017-06-13,"J09","JS","S","Blinkhorn Peninsula","JW53","C5","JW53-C5","collected",NA
"225","U12586","SO","JN5","JE306",2017-06-13,"J09","JS","S","Blinkhorn Peninsula","JW53","C6","JW53-C6","collected",NA
"226","U12587","SO","JN5","JE306",2017-06-13,"J09","JS","S","Blinkhorn Peninsula","JW53","C7","JW53-C7","collected",NA
"227","U12588","SO","JN5","JE306",2017-06-13,"J09","JS","S","Blinkhorn Peninsula","JW53","C8","JW53-C8","collected",NA
"228","U12589","SO","JN5","JE306",2017-06-13,"J09","JS","S","Blinkhorn Peninsula","JW53","C9","JW53-C9","collected",NA
"229","U12590","SO","JN5","JE306",2017-06-13,"J09","JS","S","Blinkhorn Peninsula","JW53","C10","JW53-C10","collected",NA
"230","U10961","SO","DN25","DE376",2017-06-13,"D27","DI","W","Granite Point","DW61","A1","DW61-A1","collected",NA
"231","U10962","SO","DN25","DE376",2017-06-13,"D27","DI","W","Granite Point","DW61","A2","DW61-A2","collected",NA
"232","U10963","SO","DN25","DE376",2017-06-13,"D27","DI","W","Granite Point","DW61","A3","DW61-A3","collected",NA
"233","U10964","SO","DN25","DE376",2017-06-13,"D27","DI","W","Granite Point","DW61","A4","DW61-A4","collected",NA
"234","U10965","SO","DN25","DE376",2017-06-13,"D27","DI","W","Granite Point","DW61","A5","DW61-A5","collected",NA
"235","U10966","SO","DN25","DE376",2017-06-13,"D27","DI","W","Granite Point","DW61","A6","DW61-A6","collected",NA
"236","U10967","SO","DN25","DE376",2017-06-13,"D27","DI","W","Granite Point","DW61","A7","DW61-A7","collected",NA
"237","U10968","SO","DN25","DE376",2017-06-13,"D27","DI","W","Granite Point","DW61","A8","DW61-A8","collected",NA
"238","U10969","SO","DN25","DE376",2017-06-13,"D27","DI","W","Granite Point","DW61","A9","DW61-A9","collected",NA
"239","U10970","SO","DN25","DE376",2017-06-13,"D27","DI","W","Granite Point","DW61","A10","DW61-A10","collected",NA
"240","U10971","SO","DN25","DE376",2017-06-13,"D27","DI","W","Granite Point","DW61","B1","DW61-B1","collected",NA
"241","U10972","SO","DN25","DE376",2017-06-13,"D27","DI","W","Granite Point","DW61","B2","DW61-B2","collected",NA
"242","U10973","SO","DN25","DE376",2017-06-13,"D27","DI","W","Granite Point","DW61","B3","DW61-B3","collected",NA
"243","U10974","SO","DN25","DE376",2017-06-13,"D27","DI","W","Granite Point","DW61","B4","DW61-B4","collected",NA
"244","U10975","SO","DN25","DE376",2017-06-13,"D27","DI","W","Granite Point","DW61","B5","DW61-B5","collected",NA
"245","U10976","SO","DN25","DE376",2017-06-13,"D27","DI","W","Granite Point","DW61","B6","DW61-B6","collected",NA
"246","U10977","SO","DN25","DE376",2017-06-13,"D27","DI","W","Granite Point","DW61","B7","DW61-B7","collected",NA
"247","U10978","SO","DN25","DE376",2017-06-13,"D27","DI","W","Granite Point","DW61","B8","DW61-B8","collected",NA
"248","U10979","SO","DN25","DE376",2017-06-13,"D27","DI","W","Granite Point","DW61","B9","DW61-B9","collected",NA
"249","U10980","SO","DN25","DE376",2017-06-13,"D27","DI","W","Granite Point","DW61","B10","DW61-B10","collected",NA
"250","U10981","SO","DN25","DE376",2017-06-13,"D27","DI","W","Granite Point","DW61","C1","DW61-C1","collected",NA
"251","U10982","SO","DN25","DE376",2017-06-13,"D27","DI","W","Granite Point","DW61","C2","DW61-C2","collected",NA
"252","U10983","SO","DN25","DE376",2017-06-13,"D27","DI","W","Granite Point","DW61","C3","DW61-C3","collected",NA
"253","U10984","SO","DN25","DE376",2017-06-13,"D27","DI","W","Granite Point","DW61","C4","DW61-C4","collected",NA
"254","U10985","SO","DN25","DE376",2017-06-13,"D27","DI","W","Granite Point","DW61","C5","DW61-C5","collected",NA
"255","U10986","SO","DN25","DE376",2017-06-13,"D27","DI","W","Granite Point","DW61","C6","DW61-C6","collected",NA
"256","U10987","SO","DN25","DE376",2017-06-13,"D27","DI","W","Granite Point","DW61","C7","DW61-C7","collected",NA
"257","U10988","SO","DN25","DE376",2017-06-13,"D27","DI","W","Granite Point","DW61","C8","DW61-C8","collected",NA
"258","U10989","SO","DN25","DE376",2017-06-13,"D27","DI","W","Granite Point","DW61","C9","DW61-C9","collected",NA
"259","U10990","SO","DN25","DE376",2017-06-13,"D27","DI","W","Granite Point","DW61","C10","DW61-C10","collected",NA
"260","U12641","SO","JN7","JE307",2017-06-14,"J03","JS","N","Cracroft Point","JW54","A1","JW54-A1","collected",NA
"261","U12642","SO","JN7","JE307",2017-06-14,"J03","JS","N","Cracroft Point","JW54","A2","JW54-A2","collected",NA
"262","U12643","SO","JN7","JE307",2017-06-14,"J03","JS","N","Cracroft Point","JW54","A3","JW54-A3","collected",NA
"263","U12644","SO","JN7","JE307",2017-06-14,"J03","JS","N","Cracroft Point","JW54","A4","JW54-A4","collected",NA
"264","U12645","SO","JN7","JE307",2017-06-14,"J03","JS","N","Cracroft Point","JW54","A5","JW54-A5","collected",NA
"265","U12646","SO","JN7","JE307",2017-06-14,"J03","JS","N","Cracroft Point","JW54","A6","JW54-A6","collected",NA
"266","U12647","SO","JN7","JE307",2017-06-14,"J03","JS","N","Cracroft Point","JW54","A7","JW54-A7","collected",NA
"267","U12648","SO","JN7","JE307",2017-06-14,"J03","JS","N","Cracroft Point","JW54","A8","JW54-A8","collected",NA
"268","U12649","SO","JN7","JE307",2017-06-14,"J03","JS","N","Cracroft Point","JW54","A9","JW54-A9","collected",NA
"269","U12650","SO","JN7","JE307",2017-06-14,"J03","JS","N","Cracroft Point","JW54","A10","JW54-A10","collected",NA
"270","U12651","SO","JN7","JE307",2017-06-14,"J03","JS","N","Cracroft Point","JW54","B1","JW54-B1","collected",NA
"271","U12652","SO","JN7","JE307",2017-06-14,"J03","JS","N","Cracroft Point","JW54","B2","JW54-B2","collected",NA
"272","U12653","SO","JN7","JE307",2017-06-14,"J03","JS","N","Cracroft Point","JW54","B3","JW54-B3","collected",NA
"273","U12654","SO","JN7","JE307",2017-06-14,"J03","JS","N","Cracroft Point","JW54","B4","JW54-B4","collected",NA
"274","U12655","SO","JN7","JE307",2017-06-14,"J03","JS","N","Cracroft Point","JW54","B5","JW54-B5","collected",NA
"275","U12656","SO","JN7","JE307",2017-06-14,"J03","JS","N","Cracroft Point","JW54","B6","JW54-B6","collected",NA
"276","U12657","SO","JN7","JE307",2017-06-14,"J03","JS","N","Cracroft Point","JW54","B7","JW54-B7","collected",NA
"277","U12658","SO","JN7","JE307",2017-06-14,"J03","JS","N","Cracroft Point","JW54","B8","JW54-B8","collected",NA
"278","U12659","SO","JN7","JE307",2017-06-14,"J03","JS","N","Cracroft Point","JW54","B9","JW54-B9","collected",NA
"279","U12660","SO","JN7","JE307",2017-06-14,"J03","JS","N","Cracroft Point","JW54","B10","JW54-B10","collected",NA
"280","U12661","SO","JN7","JE307",2017-06-14,"J03","JS","N","Cracroft Point","JW54","C1","JW54-C1","collected",NA
"281","U12662","SO","JN7","JE307",2017-06-14,"J03","JS","N","Cracroft Point","JW54","C2","JW54-C2","collected",NA
"282","U12663","SO","JN7","JE307",2017-06-14,"J03","JS","N","Cracroft Point","JW54","C3","JW54-C3","collected",NA
"283","U12664","SO","JN7","JE307",2017-06-14,"J03","JS","N","Cracroft Point","JW54","C4","JW54-C4","collected",NA
"284","U12665","SO","JN7","JE307",2017-06-14,"J03","JS","N","Cracroft Point","JW54","C5","JW54-C5","collected",NA
"285","U12666","SO","JN7","JE307",2017-06-14,"J03","JS","N","Cracroft Point","JW54","C6","JW54-C6","collected",NA
"286","U12667","SO","JN7","JE307",2017-06-14,"J03","JS","N","Cracroft Point","JW54","C7","JW54-C7","collected",NA
"287","U12668","SO","JN7","JE307",2017-06-14,"J03","JS","N","Cracroft Point","JW54","C8","JW54-C8","collected",NA
"288","U12669","SO","JN7","JE307",2017-06-14,"J03","JS","N","Cracroft Point","JW54","C9","JW54-C9","collected",NA
"289","U12670","SO","JN7","JE307",2017-06-14,"J03","JS","N","Cracroft Point","JW54","C10","JW54-C10","collected",NA
"290","U11041","SO","DN27","DE377",2017-06-19,"D22","DI","W","McMullen Point","DW62","A1","DW62-A1","collected",NA
"291","U11042","SO","DN27","DE377",2017-06-19,"D22","DI","W","McMullen Point","DW62","A2","DW62-A2","collected",NA
"292","U11043","SO","DN27","DE377",2017-06-19,"D22","DI","W","McMullen Point","DW62","A3","DW62-A3","collected",NA
"293","U11044","SO","DN27","DE377",2017-06-19,"D22","DI","W","McMullen Point","DW62","A4","DW62-A4","collected",NA
"294","U11045","SO","DN27","DE377",2017-06-19,"D22","DI","W","McMullen Point","DW62","A5","DW62-A5","collected",NA
"295","U11046","SO","DN27","DE377",2017-06-19,"D22","DI","W","McMullen Point","DW62","A6","DW62-A6","collected",NA
"296","U11047","SO","DN27","DE377",2017-06-19,"D22","DI","W","McMullen Point","DW62","A7","DW62-A7","collected",NA
"297","U11048","SO","DN27","DE377",2017-06-19,"D22","DI","W","McMullen Point","DW62","A8","DW62-A8","collected",NA
"298","U11049","SO","DN27","DE377",2017-06-19,"D22","DI","W","McMullen Point","DW62","A9","DW62-A9","collected",NA
"299","U11050","SO","DN27","DE377",2017-06-19,"D22","DI","W","McMullen Point","DW62","A10","DW62-A10","collected",NA
"300","U11051","SO","DN27","DE377",2017-06-19,"D22","DI","W","McMullen Point","DW62","B1","DW62-B1","collected",NA
"301","U11052","SO","DN27","DE377",2017-06-19,"D22","DI","W","McMullen Point","DW62","B2","DW62-B2","collected",NA
"302","U11053","SO","DN27","DE377",2017-06-19,"D22","DI","W","McMullen Point","DW62","B3","DW62-B3","collected",NA
"303","U11054","SO","DN27","DE377",2017-06-19,"D22","DI","W","McMullen Point","DW62","B4","DW62-B4","collected",NA
"304","U11055","SO","DN27","DE377",2017-06-19,"D22","DI","W","McMullen Point","DW62","B5","DW62-B5","collected",NA
"305","U11056","SO","DN27","DE377",2017-06-19,"D22","DI","W","McMullen Point","DW62","B6","DW62-B6","collected",NA
"306","U11057","SO","DN27","DE377",2017-06-19,"D22","DI","W","McMullen Point","DW62","B7","DW62-B7","collected",NA
"307","U11058","SO","DN27","DE377",2017-06-19,"D22","DI","W","McMullen Point","DW62","B8","DW62-B8","collected",NA
"308","U11059","SO","DN27","DE377",2017-06-19,"D22","DI","W","McMullen Point","DW62","B9","DW62-B9","collected",NA
"309","U11060","SO","DN27","DE377",2017-06-19,"D22","DI","W","McMullen Point","DW62","B10","DW62-B10","collected",NA
"310","U11061","SO","DN27","DE377",2017-06-19,"D22","DI","W","McMullen Point","DW62","C1","DW62-C1","collected",NA
"311","U11062","SO","DN27","DE377",2017-06-19,"D22","DI","W","McMullen Point","DW62","C2","DW62-C2","collected",NA
"312","U11063","SO","DN27","DE377",2017-06-19,"D22","DI","W","McMullen Point","DW62","C3","DW62-C3","collected",NA
"313","U11064","SO","DN27","DE377",2017-06-19,"D22","DI","W","McMullen Point","DW62","C4","DW62-C4","collected",NA
"314","U11065","SO","DN27","DE377",2017-06-19,"D22","DI","W","McMullen Point","DW62","C5","DW62-C5","collected",NA
"315","U11066","SO","DN27","DE377",2017-06-19,"D22","DI","W","McMullen Point","DW62","C6","DW62-C6","collected",NA
"316","U11067","SO","DN27","DE377",2017-06-19,"D22","DI","W","McMullen Point","DW62","C7","DW62-C7","collected",NA
"317","U11068","SO","DN27","DE377",2017-06-19,"D22","DI","W","McMullen Point","DW62","C8","DW62-C8","collected",NA
"318","U11069","SO","DN27","DE377",2017-06-19,"D22","DI","W","McMullen Point","DW62","C9","DW62-C9","collected",NA
"319","U11070","SO","DN27","DE377",2017-06-19,"D22","DI","W","McMullen Point","DW62","C10","DW62-C10","collected",NA
"320","U12721","SO","JN9","JE308",2017-06-20,"J02","JS","N","Swanson Island","JW55","A1","JW55-A1","collected",NA
"321","U12722","SO","JN9","JE308",2017-06-20,"J02","JS","N","Swanson Island","JW55","A2","JW55-A2","collected",NA
"322","U12723","SO","JN9","JE308",2017-06-20,"J02","JS","N","Swanson Island","JW55","A3","JW55-A3","collected",NA
"323","U12724","SO","JN9","JE308",2017-06-20,"J02","JS","N","Swanson Island","JW55","A4","JW55-A4","collected",NA
"324","U12725","SO","JN9","JE308",2017-06-20,"J02","JS","N","Swanson Island","JW55","A5","JW55-A5","collected",NA
"325","U12726","SO","JN9","JE308",2017-06-20,"J02","JS","N","Swanson Island","JW55","A6","JW55-A6","collected",NA
"326","U12727","SO","JN9","JE308",2017-06-20,"J02","JS","N","Swanson Island","JW55","A7","JW55-A7","collected",NA
"327","U12728","SO","JN9","JE308",2017-06-20,"J02","JS","N","Swanson Island","JW55","A8","JW55-A8","collected",NA
"328","U12729","SO","JN9","JE308",2017-06-20,"J02","JS","N","Swanson Island","JW55","A9","JW55-A9","collected",NA
"329","U12730","SO","JN9","JE308",2017-06-20,"J02","JS","N","Swanson Island","JW55","A10","JW55-A10","collected",NA
"330","U12731","SO","JN9","JE308",2017-06-20,"J02","JS","N","Swanson Island","JW55","B1","JW55-B1","collected",NA
"331","U12732","SO","JN9","JE308",2017-06-20,"J02","JS","N","Swanson Island","JW55","B2","JW55-B2","collected",NA
"332","U12733","SO","JN9","JE308",2017-06-20,"J02","JS","N","Swanson Island","JW55","B3","JW55-B3","collected",NA
"333","U12734","SO","JN9","JE308",2017-06-20,"J02","JS","N","Swanson Island","JW55","B4","JW55-B4","collected",NA
"334","U12735","SO","JN9","JE308",2017-06-20,"J02","JS","N","Swanson Island","JW55","B5","JW55-B5","collected",NA
"335","U12736","SO","JN9","JE308",2017-06-20,"J02","JS","N","Swanson Island","JW55","B6","JW55-B6","collected",NA
"336","U12737","SO","JN9","JE308",2017-06-20,"J02","JS","N","Swanson Island","JW55","B7","JW55-B7","collected",NA
"337","U12738","SO","JN9","JE308",2017-06-20,"J02","JS","N","Swanson Island","JW55","B8","JW55-B8","collected",NA
"338","U12739","SO","JN9","JE308",2017-06-20,"J02","JS","N","Swanson Island","JW55","B9","JW55-B9","collected",NA
"339","U12740","SO","JN9","JE308",2017-06-20,"J02","JS","N","Swanson Island","JW55","B10","JW55-B10","collected",NA
"340","U12741","SO","JN9","JE308",2017-06-20,"J02","JS","N","Swanson Island","JW55","C1","JW55-C1","collected",NA
"341","U12742","SO","JN9","JE308",2017-06-20,"J02","JS","N","Swanson Island","JW55","C2","JW55-C2","collected",NA
"342","U12743","SO","JN9","JE308",2017-06-20,"J02","JS","N","Swanson Island","JW55","C3","JW55-C3","collected",NA
"343","U12744","SO","JN9","JE308",2017-06-20,"J02","JS","N","Swanson Island","JW55","C4","JW55-C4","collected",NA
"344","U12745","SO","JN9","JE308",2017-06-20,"J02","JS","N","Swanson Island","JW55","C5","JW55-C5","collected",NA
"345","U12746","SO","JN9","JE308",2017-06-20,"J02","JS","N","Swanson Island","JW55","C6","JW55-C6","collected",NA
"346","U12747","SO","JN9","JE308",2017-06-20,"J02","JS","N","Swanson Island","JW55","C7","JW55-C7","collected",NA
"347","U12748","SO","JN9","JE308",2017-06-20,"J02","JS","N","Swanson Island","JW55","C8","JW55-C8","collected",NA
"348","U12749","SO","JN9","JE308",2017-06-20,"J02","JS","N","Swanson Island","JW55","C9","JW55-C9","collected",NA
"349","U12750","SO","JN9","JE308",2017-06-20,"J02","JS","N","Swanson Island","JW55","C10","JW55-C10","collected",NA
"350","U11121","SO","DN29","DE378",2017-06-20,"D09","DI","C","Okisollo Channel","DW63","A1","DW63-A1","collected",NA
"351","U11122","SO","DN29","DE378",2017-06-20,"D09","DI","C","Okisollo Channel","DW63","A2","DW63-A2","collected",NA
"352","U11123","SO","DN29","DE378",2017-06-20,"D09","DI","C","Okisollo Channel","DW63","A3","DW63-A3","collected",NA
"353","U11124","SO","DN29","DE378",2017-06-20,"D09","DI","C","Okisollo Channel","DW63","A4","DW63-A4","collected",NA
"354","U11125","SO","DN29","DE378",2017-06-20,"D09","DI","C","Okisollo Channel","DW63","A5","DW63-A5","collected",NA
"355","U11126","SO","DN29","DE378",2017-06-20,"D09","DI","C","Okisollo Channel","DW63","A6","DW63-A6","collected",NA
"356","U11127","SO","DN29","DE378",2017-06-20,"D09","DI","C","Okisollo Channel","DW63","A7","DW63-A7","collected",NA
"357","U11128","SO","DN29","DE378",2017-06-20,"D09","DI","C","Okisollo Channel","DW63","A8","DW63-A8","collected",NA
"358","U11129","SO","DN29","DE378",2017-06-20,"D09","DI","C","Okisollo Channel","DW63","A9","DW63-A9","collected",NA
"359","U11130","SO","DN29","DE378",2017-06-20,"D09","DI","C","Okisollo Channel","DW63","A10","DW63-A10","collected",NA
"360","U12801","SO","JN11","JE309",2017-06-21,"J09","JS","S","Blinkhorn Peninsula","JW56","A1","JW56-A1","collected",NA
"361","U12802","SO","JN11","JE309",2017-06-21,"J09","JS","S","Blinkhorn Peninsula","JW56","A2","JW56-A2","collected",NA
"362","U12803","SO","JN11","JE309",2017-06-21,"J09","JS","S","Blinkhorn Peninsula","JW56","A3","JW56-A3","collected",NA
"363","U12804","SO","JN11","JE309",2017-06-21,"J09","JS","S","Blinkhorn Peninsula","JW56","A4","JW56-A4","collected",NA
"364","U12805","SO","JN11","JE309",2017-06-21,"J09","JS","S","Blinkhorn Peninsula","JW56","A5","JW56-A5","collected",NA
"365","U12806","SO","JN11","JE309",2017-06-21,"J09","JS","S","Blinkhorn Peninsula","JW56","A6","JW56-A6","collected",NA
"366","U12807","SO","JN11","JE309",2017-06-21,"J09","JS","S","Blinkhorn Peninsula","JW56","A7","JW56-A7","collected",NA
"367","U12808","SO","JN11","JE309",2017-06-21,"J09","JS","S","Blinkhorn Peninsula","JW56","A8","JW56-A8","collected",NA
"368","U12809","SO","JN11","JE309",2017-06-21,"J09","JS","S","Blinkhorn Peninsula","JW56","A9","JW56-A9","collected",NA
"369","U12810","SO","JN11","JE309",2017-06-21,"J09","JS","S","Blinkhorn Peninsula","JW56","A10","JW56-A10","collected",NA
"370","U12811","SO","JN11","JE309",2017-06-21,"J09","JS","S","Blinkhorn Peninsula","JW56","B1","JW56-B1","collected",NA
"371","U12812","SO","JN11","JE309",2017-06-21,"J09","JS","S","Blinkhorn Peninsula","JW56","B2","JW56-B2","collected",NA
"372","U12813","SO","JN11","JE309",2017-06-21,"J09","JS","S","Blinkhorn Peninsula","JW56","B3","JW56-B3","collected",NA
"373","U12814","SO","JN11","JE309",2017-06-21,"J09","JS","S","Blinkhorn Peninsula","JW56","B4","JW56-B4","collected",NA
"374","U12815","SO","JN11","JE309",2017-06-21,"J09","JS","S","Blinkhorn Peninsula","JW56","B5","JW56-B5","collected",NA
"375","U12816","SO","JN11","JE309",2017-06-21,"J09","JS","S","Blinkhorn Peninsula","JW56","B6","JW56-B6","collected",NA
"376","U12817","SO","JN11","JE309",2017-06-21,"J09","JS","S","Blinkhorn Peninsula","JW56","B7","JW56-B7","collected",NA
"377","U12818","SO","JN11","JE309",2017-06-21,"J09","JS","S","Blinkhorn Peninsula","JW56","B8","JW56-B8","collected",NA
"378","U12819","SO","JN11","JE309",2017-06-21,"J09","JS","S","Blinkhorn Peninsula","JW56","B9","JW56-B9","collected",NA
"379","U12820","SO","JN11","JE309",2017-06-21,"J09","JS","S","Blinkhorn Peninsula","JW56","B10","JW56-B10","collected",NA
"380","U12821","SO","JN11","JE309",2017-06-21,"J09","JS","S","Blinkhorn Peninsula","JW56","C1","JW56-C1","collected",NA
"381","U12822","SO","JN11","JE309",2017-06-21,"J09","JS","S","Blinkhorn Peninsula","JW56","C2","JW56-C2","collected",NA
"382","U12823","SO","JN11","JE309",2017-06-21,"J09","JS","S","Blinkhorn Peninsula","JW56","C3","JW56-C3","collected",NA
"383","U12824","SO","JN11","JE309",2017-06-21,"J09","JS","S","Blinkhorn Peninsula","JW56","C4","JW56-C4","collected",NA
"384","U12825","SO","JN11","JE309",2017-06-21,"J09","JS","S","Blinkhorn Peninsula","JW56","C5","JW56-C5","collected",NA
"385","U12826","SO","JN11","JE309",2017-06-21,"J09","JS","S","Blinkhorn Peninsula","JW56","C6","JW56-C6","collected",NA
"386","U12827","SO","JN11","JE309",2017-06-21,"J09","JS","S","Blinkhorn Peninsula","JW56","C7","JW56-C7","collected",NA
"387","U12828","SO","JN11","JE309",2017-06-21,"J09","JS","S","Blinkhorn Peninsula","JW56","C8","JW56-C8","collected",NA
"388","U12829","SO","JN11","JE309",2017-06-21,"J09","JS","S","Blinkhorn Peninsula","JW56","C9","JW56-C9","collected",NA
"389","U12830","SO","JN11","JE309",2017-06-21,"J09","JS","S","Blinkhorn Peninsula","JW56","C10","JW56-C10","collected",NA
"390","U10721","SO","DN19","DE373",2017-06-26,"D09","DI","C","Okisollo Channel","DW58","A1","DW58-A1","collected",NA
"391","U10722","SO","DN19","DE373",2017-06-26,"D09","DI","C","Okisollo Channel","DW58","A2","DW58-A2","collected",NA
"392","U10723","SO","DN19","DE373",2017-06-26,"D09","DI","C","Okisollo Channel","DW58","A3","DW58-A3","collected",NA
"393","U10724","SO","DN19","DE373",2017-06-26,"D09","DI","C","Okisollo Channel","DW58","A4","DW58-A4","collected",NA
"394","U10725","SO","DN19","DE373",2017-06-26,"D09","DI","C","Okisollo Channel","DW58","A5","DW58-A5","collected",NA
"395","U10726","SO","DN19","DE373",2017-06-26,"D09","DI","C","Okisollo Channel","DW58","A6","DW58-A6","collected",NA
"396","U10727","SO","DN19","DE373",2017-06-26,"D09","DI","C","Okisollo Channel","DW58","A7","DW58-A7","collected",NA
"397","U10728","SO","DN19","DE373",2017-06-26,"D09","DI","C","Okisollo Channel","DW58","A8","DW58-A8","collected",NA
"398","U10729","SO","DN19","DE373",2017-06-26,"D09","DI","C","Okisollo Channel","DW58","A9","DW58-A9","collected",NA
"399","U10730","SO","DN19","DE373",2017-06-26,"D09","DI","C","Okisollo Channel","DW58","A10","DW58-A10","collected",NA
"400","U10731","SO","DN19","DE373",2017-06-26,"D09","DI","C","Okisollo Channel","DW58","B1","DW58-B1","collected",NA
"401","U10732","SO","DN19","DE373",2017-06-26,"D09","DI","C","Okisollo Channel","DW58","B2","DW58-B2","collected",NA
"402","U10733","SO","DN19","DE373",2017-06-26,"D09","DI","C","Okisollo Channel","DW58","B3","DW58-B3","collected",NA
"403","U10734","SO","DN19","DE373",2017-06-26,"D09","DI","C","Okisollo Channel","DW58","B4","DW58-B4","collected",NA
"404","U10735","SO","DN19","DE373",2017-06-26,"D09","DI","C","Okisollo Channel","DW58","B5","DW58-B5","collected",NA
"405","U10736","SO","DN19","DE373",2017-06-26,"D09","DI","C","Okisollo Channel","DW58","B6","DW58-B6","collected",NA
"406","U10737","SO","DN19","DE373",2017-06-26,"D09","DI","C","Okisollo Channel","DW58","B7","DW58-B7","collected",NA
"407","U10738","SO","DN19","DE373",2017-06-26,"D09","DI","C","Okisollo Channel","DW58","B8","DW58-B8","collected",NA
"408","U10739","SO","DN19","DE373",2017-06-26,"D09","DI","C","Okisollo Channel","DW58","B9","DW58-B9","collected",NA
"409","U10740","SO","DN19","DE373",2017-06-26,"D09","DI","C","Okisollo Channel","DW58","B10","DW58-B10","collected",NA
"410","U10741","SO","DN19","DE373",2017-06-26,"D09","DI","C","Okisollo Channel","DW58","C1","DW58-C1","collected",NA
"411","U10742","SO","DN19","DE373",2017-06-26,"D09","DI","C","Okisollo Channel","DW58","C2","DW58-C2","collected",NA
"412","U10791","SO","DN19","DE373",2017-06-26,"D09","DI","C","Okisollo Channel","DW58","A1","DW58-A1","collected","Second seine"
"413","U10792","SO","DN20","DE373",2017-06-26,"D09","DI","C","Okisollo Channel","DW58","A2","DW58-A2","collected","Second seine"
"414","U10793","SO","DN20","DE373",2017-06-26,"D09","DI","C","Okisollo Channel","DW58","A3","DW58-A3","collected","Second seine"
"415","U10794","SO","DN20","DE373",2017-06-26,"D09","DI","C","Okisollo Channel","DW58","A4","DW58-A4","collected","Second seine"
"416","U10795","SO","DN20","DE373",2017-06-26,"D09","DI","C","Okisollo Channel","DW58","A5","DW58-A5","collected","Second seine"
"417","U10796","SO","DN20","DE373",2017-06-26,"D09","DI","C","Okisollo Channel","DW58","A6","DW58-A6","collected","Second seine"
"418","U10797","SO","DN20","DE373",2017-06-26,"D09","DI","C","Okisollo Channel","DW58","A7","DW58-A7","collected","Second seine"
"419","U10798","SO","DN20","DE373",2017-06-26,"D09","DI","C","Okisollo Channel","DW58","A8","DW58-A8","collected","Second seine"
"420","U12881","SO","JN13","JE310",2017-06-27,"J09","JS","S","Blinkhorn Peninsula","JW57","A1","JW57-A1","collected",NA
"421","U12882","SO","JN13","JE310",2017-06-27,"J09","JS","S","Blinkhorn Peninsula","JW57","A2","JW57-A2","collected",NA
"422","U12883","SO","JN13","JE310",2017-06-27,"J09","JS","S","Blinkhorn Peninsula","JW57","A3","JW57-A3","collected",NA
"423","U12884","SO","JN13","JE310",2017-06-27,"J09","JS","S","Blinkhorn Peninsula","JW57","A4","JW57-A4","collected",NA
"424","U12885","SO","JN13","JE310",2017-06-27,"J09","JS","S","Blinkhorn Peninsula","JW57","A5","JW57-A5","collected",NA
"425","U12886","SO","JN13","JE310",2017-06-27,"J09","JS","S","Blinkhorn Peninsula","JW57","A6","JW57-A6","collected",NA
"426","U12887","SO","JN13","JE310",2017-06-27,"J09","JS","S","Blinkhorn Peninsula","JW57","A7","JW57-A7","collected",NA
"427","U12888","SO","JN13","JE310",2017-06-27,"J09","JS","S","Blinkhorn Peninsula","JW57","A8","JW57-A8","collected",NA
"428","U12889","SO","JN13","JE310",2017-06-27,"J09","JS","S","Blinkhorn Peninsula","JW57","A9","JW57-A9","collected",NA
"429","U12890","SO","JN13","JE310",2017-06-27,"J09","JS","S","Blinkhorn Peninsula","JW57","A10","JW57-A10","collected",NA
"430","U12891","SO","JN13","JE310",2017-06-27,"J09","JS","S","Blinkhorn Peninsula","JW57","B1","JW57-B1","collected",NA
"431","U12892","SO","JN13","JE310",2017-06-27,"J09","JS","S","Blinkhorn Peninsula","JW57","B2","JW57-B2","collected",NA
"432","U12893","SO","JN13","JE310",2017-06-27,"J09","JS","S","Blinkhorn Peninsula","JW57","B3","JW57-B3","collected",NA
"433","U12894","SO","JN13","JE310",2017-06-27,"J09","JS","S","Blinkhorn Peninsula","JW57","B4","JW57-B4","collected",NA
"434","U12895","SO","JN13","JE310",2017-06-27,"J09","JS","S","Blinkhorn Peninsula","JW57","B5","JW57-B5","collected",NA
"435","U12896","SO","JN13","JE310",2017-06-27,"J09","JS","S","Blinkhorn Peninsula","JW57","B6","JW57-B6","collected",NA
"436","U12897","SO","JN13","JE310",2017-06-27,"J09","JS","S","Blinkhorn Peninsula","JW57","B7","JW57-B7","collected",NA
"437","U12898","SO","JN13","JE310",2017-06-27,"J09","JS","S","Blinkhorn Peninsula","JW57","B8","JW57-B8","collected",NA
"438","U12899","SO","JN13","JE310",2017-06-27,"J09","JS","S","Blinkhorn Peninsula","JW57","B9","JW57-B9","collected",NA
"439","U12900","SO","JN13","JE310",2017-06-27,"J09","JS","S","Blinkhorn Peninsula","JW57","B10","JW57-B10","collected",NA
"440","U12901","SO","JN13","JE310",2017-06-27,"J09","JS","S","Blinkhorn Peninsula","JW57","C1","JW57-C1","collected",NA
"441","U12902","SO","JN13","JE310",2017-06-27,"J09","JS","S","Blinkhorn Peninsula","JW57","C2","JW57-C2","collected",NA
"442","U12903","SO","JN13","JE310",2017-06-27,"J09","JS","S","Blinkhorn Peninsula","JW57","C3","JW57-C3","collected",NA
"443","U12904","SO","JN13","JE310",2017-06-27,"J09","JS","S","Blinkhorn Peninsula","JW57","C4","JW57-C4","collected",NA
"444","U12905","SO","JN13","JE310",2017-06-27,"J09","JS","S","Blinkhorn Peninsula","JW57","C5","JW57-C5","collected",NA
"445","U12906","SO","JN13","JE310",2017-06-27,"J09","JS","S","Blinkhorn Peninsula","JW57","C6","JW57-C6","collected",NA
"446","U12951","SO","JN14","JE310",2017-06-27,"J09","JS","S","Blinkhorn Peninsula","JW57","C7","JW57-C7","collected",NA
"447","U12952","SO","JN14","JE310",2017-06-27,"J09","JS","S","Blinkhorn Peninsula","JW57","C8","JW57-C8","collected",NA
"448","U12953","SO","JN14","JE310",2017-06-27,"J09","JS","S","Blinkhorn Peninsula","JW57","C9","JW57-C9","collected",NA
"449","U12954","SO","JN14","JE310",2017-06-27,"J09","JS","S","Blinkhorn Peninsula","JW57","C10","JW57-C10","collected",NA
"450","U12961","SO","JN15","JE311",2017-06-28,"J02","JS","N","Swanson Island","JW58","A1","JW58-A1","collected",NA
"451","U12962","SO","JN15","JE311",2017-06-28,"J02","JS","N","Swanson Island","JW58","A2","JW58-A2","collected",NA
"452","U12963","SO","JN15","JE311",2017-06-28,"J02","JS","N","Swanson Island","JW58","A3","JW58-A3","collected",NA
"453","U12964","SO","JN15","JE311",2017-06-28,"J02","JS","N","Swanson Island","JW58","A4","JW58-A4","collected",NA
"454","U12965","SO","JN15","JE311",2017-06-28,"J02","JS","N","Swanson Island","JW58","A5","JW58-A5","collected",NA
"455","U12966","SO","JN15","JE311",2017-06-28,"J02","JS","N","Swanson Island","JW58","A6","JW58-A6","collected",NA
"456","U12967","SO","JN15","JE311",2017-06-28,"J02","JS","N","Swanson Island","JW58","A7","JW58-A7","collected",NA
"457","U12968","SO","JN15","JE311",2017-06-28,"J02","JS","N","Swanson Island","JW58","A8","JW58-A8","collected",NA
"458","U12969","SO","JN15","JE311",2017-06-28,"J02","JS","N","Swanson Island","JW58","A9","JW58-A9","collected",NA
"459","U12970","SO","JN15","JE311",2017-06-28,"J02","JS","N","Swanson Island","JW58","A10","JW58-A10","collected",NA
"460","U12971","SO","JN15","JE311",2017-06-28,"J02","JS","N","Swanson Island","JW58","B1","JW58-B1","collected",NA
"461","U12972","SO","JN15","JE311",2017-06-28,"J02","JS","N","Swanson Island","JW58","B2","JW58-B2","collected",NA
"462","U12973","SO","JN15","JE311",2017-06-28,"J02","JS","N","Swanson Island","JW58","B3","JW58-B3","collected",NA
"463","U12974","SO","JN15","JE311",2017-06-28,"J02","JS","N","Swanson Island","JW58","B4","JW58-B4","collected",NA
"464","U12975","SO","JN15","JE311",2017-06-28,"J02","JS","N","Swanson Island","JW58","B5","JW58-B5","collected",NA
"465","U12976","SO","JN15","JE311",2017-06-28,"J02","JS","N","Swanson Island","JW58","B6","JW58-B6","collected",NA
"466","U12977","SO","JN15","JE311",2017-06-28,"J02","JS","N","Swanson Island","JW58","B7","JW58-B7","collected",NA
"467","U12978","SO","JN15","JE311",2017-06-28,"J02","JS","N","Swanson Island","JW58","B8","JW58-B8","collected",NA
"468","U12979","SO","JN15","JE311",2017-06-28,"J02","JS","N","Swanson Island","JW58","B9","JW58-B9","collected",NA
"469","U12980","SO","JN15","JE311",2017-06-28,"J02","JS","N","Swanson Island","JW58","B10","JW58-B10","collected",NA
"470","U12981","SO","JN15","JE311",2017-06-28,"J02","JS","N","Swanson Island","JW58","C1","JW58-C1","collected",NA
"471","U12982","SO","JN15","JE311",2017-06-28,"J02","JS","N","Swanson Island","JW58","C2","JW58-C2","collected",NA
"472","U12983","SO","JN15","JE311",2017-06-28,"J02","JS","N","Swanson Island","JW58","C3","JW58-C3","collected",NA
"473","U12984","SO","JN15","JE311",2017-06-28,"J02","JS","N","Swanson Island","JW58","C4","JW58-C4","collected",NA
"474","U12985","SO","JN15","JE311",2017-06-28,"J02","JS","N","Swanson Island","JW58","C5","JW58-C5","collected",NA
"475","U12986","SO","JN15","JE311",2017-06-28,"J02","JS","N","Swanson Island","JW58","C6","JW58-C6","collected",NA
"476","U12987","SO","JN15","JE311",2017-06-28,"J02","JS","N","Swanson Island","JW58","C7","JW58-C7","collected",NA
"477","U12988","SO","JN15","JE311",2017-06-28,"J02","JS","N","Swanson Island","JW58","C8","JW58-C8","collected",NA
"478","U12989","SO","JN15","JE311",2017-06-28,"J02","JS","N","Swanson Island","JW58","C9","JW58-C9","collected",NA
"479","U12990","SO","JN15","JE311",2017-06-28,"J02","JS","N","Swanson Island","JW58","C10","JW58-C10","collected",NA
"480","U10801","SO","DN21","DE374",2017-06-28,"D10","DI","E","Hall Point","DW59","A1","DW59-A1","collected",NA
"481","U10802","SO","DN21","DE374",2017-06-28,"D10","DI","E","Hall Point","DW59","A2","DW59-A2","collected",NA
"482","U10803","SO","DN21","DE374",2017-06-28,"D10","DI","E","Hall Point","DW59","A3","DW59-A3","collected",NA
"483","U10804","SO","DN21","DE374",2017-06-28,"D10","DI","E","Hall Point","DW59","A4","DW59-A4","collected",NA
"484","U10805","SO","DN21","DE374",2017-06-28,"D10","DI","E","Hall Point","DW59","A5","DW59-A5","collected",NA
"485","U10806","SO","DN21","DE374",2017-06-28,"D10","DI","E","Hall Point","DW59","A6","DW59-A6","collected",NA
"486","U10807","SO","DN21","DE374",2017-06-28,"D10","DI","E","Hall Point","DW59","A7","DW59-A7","collected",NA
"487","U10808","SO","DN21","DE374",2017-06-28,"D10","DI","E","Hall Point","DW59","A8","DW59-A8","collected",NA
"488","U10809","SO","DN21","DE374",2017-06-28,"D10","DI","E","Hall Point","DW59","A9","DW59-A9","collected",NA
"489","U10810","SO","DN21","DE374",2017-06-28,"D10","DI","E","Hall Point","DW59","A10","DW59-A10","collected",NA
"490","U10881","SO","DN23","DE375",2017-07-04,"D27","DI","W","Granite Point","DW60","A1","DW60-A1","collected",NA
"491","U10882","SO","DN23","DE375",2017-07-04,"D27","DI","W","Granite Point","DW60","A2","DW60-A2","collected",NA
"492","U10883","SO","DN23","DE375",2017-07-04,"D27","DI","W","Granite Point","DW60","A3","DW60-A3","collected",NA
"493","U11281","SO","DN33","DE380",2017-07-05,"D09","DI","C","Okisollo Channel","DW65","A1","DW65-A1","collected",NA
"494","U11282","SO","DN33","DE380",2017-07-05,"D09","DI","C","Okisollo Channel","DW65","A2","DW65-A2","collected",NA
"495","U13201","SO","JN21","JE314",2017-07-06,"J09","JS","S","Blinkhorn Peninsula","JW61","A1","JW61-A1","collected",NA
